우선순위,종목코드,종목명,시장,시총(억원),티어,업종,다운로드완료(O/X)
1,005930,삼성전자,KOSPI,"18,532,703",코어(5천억+),통신 및 방송 장비 제조업 nan,
2,000660,SK하이닉스,KOSPI,"16,627,346",코어(5천억+),반도체 제조업 nan,
3,009150,삼성전기,KOSPI,"1,588,735",코어(5천억+),전자부품 제조업 nan,
4,005380,현대차,KOSPI,"1,480,399",코어(5천억+),자동차용 엔진 및 자동차 제조업 nan,
5,373220,LG에너지솔루션,KOSPI,"1,071,720",코어(5천억+),일차전지 및 이차전지 제조업 nan,
6,329180,HD현대중공업,KOSPI,"730,530",코어(5천억+),선박 및 보트 건조업 nan,
7,028260,삼성물산,KOSPI,"701,375",코어(5천억+),기타 전문 도매업 nan,
8,012330,현대모비스,KOSPI,"696,826",코어(5천억+),자동차 신품 부품 제조업 nan,
9,034020,두산에너빌리티,KOSPI,"676,433",코어(5천억+),일반 목적용 기계 제조업 nan,
10,000270,기아,KOSPI,"660,579",코어(5천억+),자동차용 엔진 및 자동차 제조업 nan,
11,207940,삼성바이오로직스,KOSPI,"630,946",코어(5천억+),기초 의약물질 제조업 nan,
12,012450,한화에어로스페이스,KOSPI,"604,839",코어(5천억+),"항공기,우주선 및 부품 제조업 nan",
13,006400,삼성SDI,KOSPI,"554,428",코어(5천억+),일차전지 및 이차전지 제조업 nan,
14,066570,LG전자,KOSPI,"477,252",코어(5천억+),통신 및 방송 장비 제조업 nan,
15,068270,셀트리온,KOSPI,"428,474",코어(5천억+),기초 의약물질 제조업 nan,
16,267260,HD현대일렉트릭,KOSPI,"379,576",코어(5천억+),"전동기, 발전기 및 전기 변환 · 공급 · 제어 장치 제조업 nan",
17,042660,한화오션,KOSPI,"377,808",코어(5천억+),선박 및 보트 건조업 nan,
18,035420,NAVER,KOSPI,"367,085",코어(5천억+),"자료처리, 호스팅, 포털 및 기타 인터넷 정보매개 서비스업 nan",
19,010120,LS ELECTRIC,KOSPI,"362,250",코어(5천억+),"전동기, 발전기 및 전기 변환 · 공급 · 제어 장치 제조업 nan",
20,011070,LG이노텍,KOSPI,"345,066",코어(5천억+),전자부품 제조업 nan,
21,298040,효성중공업,KOSPI,"343,610",코어(5천억+),"전동기, 발전기 및 전기 변환 · 공급 · 제어 장치 제조업 nan",
22,000150,두산,KOSPI,"319,342",코어(5천억+),전자부품 제조업 nan,
23,010130,고려아연,KOSPI,"286,586",코어(5천억+),1차 비철금속 제조업 nan,
24,042700,한미반도체,KOSPI,"268,780",코어(5천억+),특수 목적용 기계 제조업 nan,
25,051910,LG화학,KOSPI,"259,074",코어(5천억+),기초 화학물질 제조업 nan,
26,307950,현대오토에버,KOSPI,"255,317",코어(5천억+),소프트웨어 개발 및 공급업 nan,
27,015760,한국전력,KOSPI,"249,724",코어(5천억+),전기업 nan,
28,010140,삼성중공업,KOSPI,"245,960",코어(5천억+),선박 및 보트 건조업 nan,
29,018260,삼성에스디에스,KOSPI,"231,360",코어(5천억+),"컴퓨터 프로그래밍, 시스템 통합 및 관리업 nan",
30,064350,현대로템,KOSPI,"218,830",코어(5천억+),그외 기타 운송장비 제조업 nan,
31,003670,포스코퓨처엠,KOSPI,"218,363",코어(5천억+),일차전지 및 이차전지 제조업 nan,
32,017670,SK텔레콤,KOSPI,"216,079",코어(5천억+),전기 통신업 nan,
33,247540,에코프로비엠,KOSDAQ GLOBAL,"212,292",코어(5천억+),일차전지 및 이차전지 제조업 중견기업부,
34,096770,SK이노베이션,KOSPI,"201,511",코어(5천억+),석유 정제품 제조업 nan,
35,272210,한화시스템,KOSPI,"198,365",코어(5천억+),전자부품 제조업 nan,
36,196170,알테오젠,KOSDAQ GLOBAL,"197,734",코어(5천억+),자연과학 및 공학 연구개발업 우량기업부,
37,033780,KT&G,KOSPI,"191,738",코어(5천억+),담배 제조업 nan,
38,035720,카카오,KOSPI,"185,289",코어(5천억+),"자료처리, 호스팅, 포털 및 기타 인터넷 정보매개 서비스업 nan",
39,011200,HMM,KOSPI,"184,497",코어(5천억+),해상 운송업 nan,
40,086280,현대글로비스,KOSPI,"181,875",코어(5천억+),기타 운송관련 서비스업 nan,
41,079550,LIG디펜스앤에어로스페이스,KOSPI,"176,220",코어(5천억+),무기 및 총포탄 제조업 nan,
42,047810,한국항공우주,KOSPI,"164,051",코어(5천억+),"항공기,우주선 및 부품 제조업 nan",
43,000720,현대건설,KOSPI,"163,693",코어(5천억+),토목 건설업 nan,
44,278470,에이피알,KOSPI,"148,068",코어(5천억+),기타 화학제품 제조업 nan,
45,277810,레인보우로보틱스,KOSDAQ,"136,187",코어(5천억+),특수 목적용 기계 제조업 기술성장기업부,
46,030200,KT,KOSPI,"133,067",코어(5천억+),전기 통신업 nan,
47,010950,S-Oil,KOSPI,"120,914",코어(5천억+),석유 정제품 제조업 nan,
48,259960,크래프톤,KOSPI,"118,803",코어(5천억+),소프트웨어 개발 및 공급업 nan,
49,047050,포스코인터내셔널,KOSPI,"112,239",코어(5천억+),상품 중개업 nan,
50,064400,LG씨엔에스,KOSPI,"110,256",코어(5천억+),"컴퓨터 프로그래밍, 시스템 통합 및 관리업 nan",
51,047040,대우건설,KOSPI,"107,658",코어(5천억+),건물 건설업 nan,
52,028050,삼성E&A,KOSPI,"103,684",코어(5천억+),"건축기술, 엔지니어링 및 관련 기술 서비스업 nan",
53,443060,HD현대마린솔루션,KOSPI,"100,427",코어(5천억+),"건축기술, 엔지니어링 및 관련 기술 서비스업 nan",
54,003490,대한항공,KOSPI,"98,683",코어(5천억+),항공 여객 운송업 nan,
55,007660,이수페타시스,KOSPI,"94,845",코어(5천억+),전자부품 제조업 nan,
56,352820,하이브,KOSPI,"94,825",코어(5천억+),오디오물 출판 및 원판 녹음업 nan,
57,353200,대덕전자,KOSPI,"94,337",코어(5천억+),전자부품 제조업 nan,
58,000880,한화,KOSPI,"94,269",코어(5천억+),기타 화학제품 제조업 nan,
59,036930,주성엔지니어링,KOSDAQ GLOBAL,"92,962",코어(5천억+),특수 목적용 기계 제조업 우량기업부,
60,003230,삼양식품,KOSPI,"90,773",코어(5천억+),기타 식품 제조업 nan,
61,001440,대한전선,KOSPI,"89,079",코어(5천억+),절연선 및 케이블 제조업 nan,
62,950160,코오롱티슈진,KOSDAQ,"83,804",코어(5천억+),기초 의약물질 제조업 외국기업(소속부없음),
63,161390,한국타이어앤테크놀로지,KOSPI,"82,749",코어(5천억+),고무제품 제조업 nan,
64,000990,DB하이텍,KOSPI,"80,701",코어(5천억+),반도체 제조업 nan,
65,034220,LG디스플레이,KOSPI,"80,450",코어(5천억+),전자부품 제조업 nan,
66,000250,삼천당제약,KOSDAQ,"79,521",코어(5천억+),의약품 제조업 중견기업부,
67,062040,산일전기,KOSPI,"75,621",코어(5천억+),"전동기, 발전기 및 전기 변환 · 공급 · 제어 장치 제조업 nan",
68,058470,리노공업,KOSDAQ GLOBAL,"74,230",코어(5천억+),전자부품 제조업 우량기업부,
69,267270,HD건설기계,KOSPI,"72,602",코어(5천억+),특수 목적용 기계 제조업 nan,
70,009830,한화솔루션,KOSPI,"71,937",코어(5천억+),기초 화학물질 제조업 nan,
71,326030,SK바이오팜,KOSPI,"70,247",코어(5천억+),자연과학 및 공학 연구개발업 nan,
72,087010,펩트론,KOSDAQ,"70,185",코어(5천억+),기초 의약물질 제조업 기술성장기업부,
73,454910,두산로보틱스,KOSPI,"69,033",코어(5천억+),특수 목적용 기계 제조업 nan,
74,032640,LG유플러스,KOSPI,"68,460",코어(5천억+),전기 통신업 nan,
75,066970,엘앤에프,KOSPI,"68,087",코어(5천억+),일차전지 및 이차전지 제조업 nan,
76,000100,유한양행,KOSPI,"67,700",코어(5천억+),의약품 제조업 nan,
77,028300,HLB,KOSDAQ,"67,665",코어(5천억+),의료용품 및 기타 의약 관련제품 제조업 중견기업부,
78,090430,아모레퍼시픽,KOSPI,"67,325",코어(5천억+),기타 화학제품 제조업 nan,
79,021240,코웨이,KOSPI,"63,691",코어(5천억+),그외 기타 개인 서비스업 nan,
80,128940,한미약품,KOSPI,"62,902",코어(5천억+),의약품 제조업 nan,
81,298380,에이비엘바이오,KOSDAQ,"62,650",코어(5천억+),기초 의약물질 제조업 기술성장기업부,
82,036570,NC,KOSPI,"62,370",코어(5천억+),소프트웨어 개발 및 공급업 nan,
83,241560,두산밥캣,KOSPI,"62,019",코어(5천억+),특수 목적용 기계 제조업 nan,
84,336260,두산퓨얼셀,KOSPI,"59,861",코어(5천억+),"전동기, 발전기 및 전기 변환 · 공급 · 제어 장치 제조업 nan",
85,018880,한온시스템,KOSPI,"57,779",코어(5천억+),일반 목적용 기계 제조업 nan,
86,039030,이오테크닉스,KOSDAQ GLOBAL,"56,424",코어(5천억+),특수 목적용 기계 제조업 우량기업부,
87,440110,파두,KOSDAQ,"56,159",코어(5천억+),반도체 제조업 기술성장기업부,
88,141080,리가켐바이오,KOSDAQ GLOBAL,"55,936",코어(5천억+),자연과학 및 공학 연구개발업 기술성장기업부,
89,004020,현대제철,KOSPI,"53,578",코어(5천억+),1차 철강 제조업 nan,
90,082740,한화엔진,KOSPI,"53,573",코어(5천억+),일반 목적용 기계 제조업 nan,
91,000500,가온전선,KOSPI,"53,269",코어(5천억+),절연선 및 케이블 제조업 nan,
92,310210,보로노이,KOSDAQ,"52,814",코어(5천억+),자연과학 및 공학 연구개발업 기술성장기업부,
93,011790,SKC,KOSPI,"52,751",코어(5천억+),기타 화학제품 제조업 nan,
94,088980,맥쿼리인프라,KOSPI,"52,490",코어(5천억+),신탁업 및 집합투자업 nan,
95,240810,원익IPS,KOSDAQ GLOBAL,"52,029",코어(5천억+),특수 목적용 기계 제조업 우량기업부,
96,052690,한전기술,KOSPI,"51,329",코어(5천억+),"건축기술, 엔지니어링 및 관련 기술 서비스업 nan",
97,271560,오리온,KOSPI,"51,239",코어(5천억+),기타 식품 제조업 nan,
98,178320,서진시스템,KOSDAQ,"49,378",코어(5천억+),기타 전기장비 제조업 중견기업부,
99,022100,포스코DX,KOSPI,"49,335",코어(5천억+),"건축기술, 엔지니어링 및 관련 기술 서비스업 nan",
100,004170,신세계,KOSPI,"48,643",코어(5천억+),종합 소매업 nan,
101,108490,로보티즈,KOSDAQ,"47,709",코어(5천억+),특수 목적용 기계 제조업 기술성장기업부,
102,214370,케어젠,KOSDAQ,"47,484",코어(5천억+),기초 의약물질 제조업 벤처기업부,
103,002380,KCC,KOSPI,"47,261",코어(5천억+),기타 화학제품 제조업 nan,
104,103590,일진전기,KOSPI,"44,300",코어(5천억+),절연선 및 케이블 제조업 nan,
105,319400,현대무벡스,KOSDAQ,"44,272",코어(5천억+),일반 목적용 기계 제조업 우량기업부,
106,222800,심텍,KOSDAQ GLOBAL,"44,245",코어(5천억+),전자부품 제조업 중견기업부,
107,450080,에코프로머티,KOSPI,"43,979",코어(5천억+),일차전지 및 이차전지 제조업 nan,
108,095340,ISC,KOSDAQ GLOBAL,"42,924",코어(5천억+),기계장비 및 관련 물품 도매업 우량기업부,
109,023530,롯데쇼핑,KOSPI,"41,782",코어(5천억+),종합 소매업 nan,
110,347850,디앤디파마텍,KOSDAQ,"41,439",코어(5천억+),자연과학 및 공학 연구개발업 기술성장기업부,
111,403870,HPSP,KOSDAQ GLOBAL,"40,039",코어(5천억+),특수 목적용 기계 제조업 우량기업부,
112,051900,LG생활건강,KOSPI,"37,846",코어(5천억+),기타 화학제품 제조업 nan,
113,226950,올릭스,KOSDAQ,"35,546",코어(5천억+),자연과학 및 공학 연구개발업 기술성장기업부,
114,010170,대한광통신,KOSDAQ,"35,295",코어(5천억+),절연선 및 케이블 제조업 중견기업부,
115,111770,영원무역,KOSPI,"35,228",코어(5천억+),상품 종합 도매업 nan,
116,012510,더존비즈온,KOSPI,"34,949",코어(5천억+),"컴퓨터 프로그래밍, 시스템 통합 및 관리업 nan",
117,005850,에스엘,KOSPI,"34,883",코어(5천억+),자동차 신품 부품 제조업 nan,
118,251270,넷마블,KOSPI,"34,822",코어(5천억+),소프트웨어 개발 및 공급업 nan,
119,011170,롯데케미칼,KOSPI,"34,520",코어(5천억+),기초 화학물질 제조업 nan,
120,489790,한화비전,KOSPI,"33,878",코어(5천억+),통신 및 방송 장비 제조업 nan,
121,080220,제주반도체,KOSDAQ,"33,685",코어(5천억+),반도체 제조업 우량기업부,
122,011780,금호석유화학,KOSPI,"33,283",코어(5천억+),기초 화학물질 제조업 nan,
123,036460,한국가스공사,KOSPI,"32,771",코어(5천억+),연료용 가스 제조 및 배관공급업 nan,
124,009420,한올바이오파마,KOSPI,"32,650",코어(5천억+),의약품 제조업 nan,
125,035250,강원랜드,KOSPI,"32,155",코어(5천억+),유원지 및 기타 오락관련 서비스업 nan,
126,302440,SK바이오사이언스,KOSPI,"32,089",코어(5천억+),기초 의약물질 제조업 nan,
127,017800,현대엘리베이터,KOSPI,"30,805",코어(5천억+),일반 목적용 기계 제조업 nan,
128,014680,한솔케미칼,KOSPI,"30,700",코어(5천억+),기초 화학물질 제조업 nan,
129,214450,파마리서치,KOSDAQ GLOBAL,"30,649",코어(5천억+),의료용품 및 기타 의약 관련제품 제조업 우량기업부,
130,145020,휴젤,KOSDAQ GLOBAL,"30,576",코어(5천억+),기초 의약물질 제조업 우량기업부,
131,097950,CJ제일제당,KOSPI,"30,409",코어(5천억+),기타 식품 제조업 nan,
132,131970,두산테스나,KOSDAQ GLOBAL,"30,402",코어(5천억+),"그외 기타 전문, 과학 및 기술 서비스업 우량기업부",
133,357780,솔브레인,KOSDAQ GLOBAL,"29,753",코어(5천억+),기타 화학제품 제조업 우량기업부,
134,064760,티씨케이,KOSDAQ GLOBAL,"29,625",코어(5천억+),기타 비금속 광물제품 제조업 우량기업부,
135,375500,DL이앤씨,KOSPI,"29,601",코어(5천억+),토목 건설업 nan,
136,020150,롯데에너지머티리얼즈,KOSPI,"29,377",코어(5천억+),전자부품 제조업 nan,
137,028670,팬오션,KOSPI,"29,348",코어(5천억+),해상 운송업 nan,
138,214150,클래시스,KOSDAQ GLOBAL,"29,193",코어(5천억+),의료용 기기 제조업 우량기업부,
139,204320,HL만도,KOSPI,"29,160",코어(5천억+),자동차 신품 부품 제조업 nan,
140,457190,이수스페셜티케미컬,KOSPI,"29,101",코어(5천억+),기초 화학물질 제조업 nan,
141,007810,코리아써키트,KOSPI,"28,611",코어(5천억+),전자부품 제조업 nan,
142,319660,피에스케이,KOSDAQ GLOBAL,"28,532",코어(5천억+),특수 목적용 기계 제조업 우량기업부,
143,084370,유진테크,KOSDAQ,"28,416",코어(5천억+),특수 목적용 기계 제조업 우량기업부,
144,263750,펄어비스,KOSDAQ GLOBAL,"28,044",코어(5천억+),소프트웨어 개발 및 공급업 우량기업부,
145,237690,에스티팜,KOSDAQ GLOBAL,"27,975",코어(5천억+),의약품 제조업 우량기업부,
146,383220,F&F,KOSPI,"27,926",코어(5천억+),봉제의복 제조업 nan,
147,005290,동진쎄미켐,KOSDAQ,"27,881",코어(5천억+),기초 화학물질 제조업 우량기업부,
148,067310,하나마이크론,KOSDAQ,"26,885",코어(5천억+),반도체 제조업 중견기업부,
149,007340,DN오토모티브,KOSPI,"26,125",코어(5천억+),일차전지 및 이차전지 제조업 nan,
150,006360,GS건설,KOSPI,"26,102",코어(5천억+),건물 건설업 nan,
151,032820,우리기술,KOSDAQ,"26,101",코어(5천억+),"전동기, 발전기 및 전기 변환 · 공급 · 제어 장치 제조업 벤처기업부",
152,012750,에스원,KOSPI,"25,991",코어(5천억+),"경비, 경호 및 탐정업 nan",
153,058610,에스피지,KOSDAQ,"25,859",코어(5천억+),"전동기, 발전기 및 전기 변환 · 공급 · 제어 장치 제조업 우량기업부",
154,011210,현대위아,KOSPI,"24,748",코어(5천억+),자동차 신품 부품 제조업 nan,
155,483650,달바글로벌,KOSPI,"24,564",코어(5천억+),기타 화학제품 제조업 nan,
156,026960,동서,KOSPI,"24,476",코어(5천억+),음·식료품 및 담배 도매업 nan,
157,071970,HD현대마린엔진,KOSPI,"24,118",코어(5천억+),일반 목적용 기계 제조업 nan,
158,439260,대한조선,KOSPI,"24,072",코어(5천억+),선박 및 보트 건조업 nan,
159,218410,RFHIC,KOSDAQ,"23,925",코어(5천억+),통신 및 방송 장비 제조업 우량기업부,
160,078600,대주전자재료,KOSDAQ,"23,849",코어(5천억+),전자부품 제조업 우량기업부,
161,082920,비츠로셀,KOSDAQ,"23,849",코어(5천억+),일차전지 및 이차전지 제조업 우량기업부,
162,139480,이마트,KOSPI,"23,760",코어(5천억+),종합 소매업 nan,
163,257720,실리콘투,KOSDAQ,"23,706",코어(5천억+),상품 종합 도매업 우량기업부,
164,043260,성호전자,KOSDAQ,"23,688",코어(5천억+),전자부품 제조업 우량기업부,
165,069960,현대백화점,KOSPI,"23,678",코어(5천억+),종합 소매업 nan,
166,098460,고영,KOSDAQ,"23,549",코어(5천억+),특수 목적용 기계 제조업 우량기업부,
167,004370,농심,KOSPI,"23,418",코어(5천억+),기타 식품 제조업 nan,
168,095610,테스,KOSDAQ,"23,058",코어(5천억+),특수 목적용 기계 제조업 우량기업부,
169,051600,한전KPS,KOSPI,"22,950",코어(5천억+),전기 및 통신 공사업 nan,
170,001740,SK네트웍스,KOSPI,"22,627",코어(5천억+),기타 전문 도매업 nan,
171,083650,비에이치아이,KOSDAQ,"22,558",코어(5천억+),일반 목적용 기계 제조업 우량기업부,
172,103140,풍산,KOSPI,"22,475",코어(5천억+),1차 비철금속 제조업 nan,
173,0009K0,에임드바이오,KOSDAQ,"22,247",코어(5천억+),자연과학 및 공학 연구개발업 기술성장기업부,
174,131290,티에스이,KOSDAQ,"22,112",코어(5천억+),"측정, 시험, 항해, 제어 및 기타 정밀기기 제조업; 광학기기 제외 우량기업부",
175,018670,SK가스,KOSPI,"21,940",코어(5천억+),기타 전문 도매업 nan,
176,008770,호텔신라,KOSPI,"21,626",코어(5천억+),기타 상품 전문 소매업 nan,
177,120110,코오롱인더,KOSPI,"21,501",코어(5천억+),화학섬유 제조업 nan,
178,282330,BGF리테일,KOSPI,"21,467",코어(5천억+),종합 소매업 nan,
179,007070,GS리테일,KOSPI,"21,362",코어(5천억+),종합 소매업 nan,
180,030000,제일기획,KOSPI,"21,237",코어(5천억+),광고업 nan,
181,068760,셀트리온제약,KOSDAQ,"21,180",코어(5천억+),의약품 제조업 우량기업부,
182,035900,JYP Ent.,KOSDAQ GLOBAL,"20,502",코어(5천억+),오디오물 출판 및 원판 녹음업 우량기업부,
183,290650,엘앤씨바이오,KOSDAQ,"20,443",코어(5천억+),의약품 제조업 우량기업부,
184,161890,한국콜마,KOSPI,"20,182",코어(5천억+),기타 화학제품 제조업 nan,
185,112610,씨에스윈드,KOSPI,"20,031",코어(5천억+),"구조용 금속제품, 탱크 및 증기발생기 제조업 nan",
186,140410,메지온,KOSDAQ,"19,907",코어(5천억+),자연과학 및 공학 연구개발업 투자주의환기종목(소속부없음),
187,347700,스피어,KOSDAQ,"19,792",코어(5천억+),소프트웨어 개발 및 공급업 기술성장기업부,
188,192820,코스맥스,KOSPI,"19,714",코어(5천억+),기타 화학제품 제조업 nan,
189,007390,네이처셀,KOSDAQ,"19,588",코어(5천억+),기초 의약물질 제조업 중견기업부,
190,322000,HD현대에너지솔루션,KOSPI,"19,578",코어(5천억+),반도체 제조업 nan,
191,000120,CJ대한통운,KOSPI,"19,505",코어(5천억+),도로 화물 운송업 nan,
192,140860,파크시스템스,KOSDAQ GLOBAL,"19,292",코어(5천억+),"측정, 시험, 항해, 제어 및 기타 정밀기기 제조업; 광학기기 제외 우량기업부",
193,097230,HJ중공업,KOSPI,"18,556",코어(5천억+),토목 건설업 nan,
194,089030,테크윙,KOSDAQ,"18,471",코어(5천억+),특수 목적용 기계 제조업 중견기업부,
195,041510,에스엠,KOSDAQ GLOBAL,"18,247",코어(5천억+),오디오물 출판 및 원판 녹음업 우량기업부,
196,420770,기가비스,KOSDAQ,"17,924",코어(5천억+),특수 목적용 기계 제조업 우량기업부,
197,476830,알지노믹스,KOSDAQ,"17,571",코어(5천억+),자연과학 및 공학 연구개발업 기술성장기업부,
198,323280,태성,KOSDAQ,"17,498",코어(5천억+),특수 목적용 기계 제조업 중견기업부,
199,005070,코스모신소재,KOSPI,"17,338",코어(5천억+),기타 화학제품 제조업 nan,
200,060370,LS마린솔루션,KOSDAQ,"17,134",코어(5천억+),전기 및 통신 공사업 우량기업부,
201,023590,다우기술,KOSPI,"17,120",코어(5천억+),"자료처리, 호스팅, 포털 및 기타 인터넷 정보매개 서비스업 nan",
202,462870,시프트업,KOSPI,"16,716",코어(5천억+),소프트웨어 개발 및 공급업 nan,
203,181710,NHN,KOSPI,"16,671",코어(5천억+),소프트웨어 개발 및 공급업 nan,
204,017960,한국카본,KOSPI,"16,666",코어(5천억+),"구조용 금속제품, 탱크 및 증기발생기 제조업 nan",
205,006280,녹십자,KOSPI,"16,525",코어(5천억+),의약품 제조업 nan,
206,001120,LX인터내셔널,KOSPI,"16,260",코어(5천억+),상품 중개업 nan,
207,077970,STX엔진,KOSPI,"16,220",코어(5천억+),일반 목적용 기계 제조업 nan,
208,437730,삼현,KOSDAQ,"16,203",코어(5천억+),자동차 신품 부품 제조업 기술성장기업부,
209,039200,오스코텍,KOSDAQ,"16,088",코어(5천억+),의약품 제조업 벤처기업부,
210,096530,씨젠,KOSDAQ,"15,877",코어(5천억+),의료용품 및 기타 의약 관련제품 제조업 우량기업부,
211,361610,SK아이이테크놀로지,KOSPI,"15,793",코어(5천억+),일차전지 및 이차전지 제조업 nan,
212,298020,효성티앤씨,KOSPI,"15,731",코어(5천억+),화학섬유 제조업 nan,
213,031330,에스에이엠티,KOSDAQ,"15,649",코어(5천억+),기계장비 및 관련 물품 도매업 우량기업부,
214,445680,큐리옥스바이오시스템즈,KOSDAQ,"15,552",코어(5천억+),의료용 기기 제조업 기술성장기업부,
215,001820,삼화콘덴서,KOSPI,"15,499",코어(5천억+),전자부품 제조업 nan,
216,032350,롯데관광개발,KOSPI,"15,204",코어(5천억+),여행사 및 기타 여행보조 서비스업 nan,
217,195870,해성디에스,KOSPI,"15,147",코어(5천억+),전자부품 제조업 nan,
218,069620,대웅제약,KOSPI,"15,132",코어(5천억+),의약품 제조업 nan,
219,020560,아시아나항공,KOSPI,"15,099",코어(5천억+),항공 여객 운송업 nan,
220,397030,에이프릴바이오,KOSDAQ,"14,938",코어(5천억+),자연과학 및 공학 연구개발업 기술성장기업부,
221,099320,쎄트렉아이,KOSDAQ,"14,642",코어(5천억+),"항공기,우주선 및 부품 제조업 우량기업부",
222,089970,브이엠,KOSDAQ,"14,591",코어(5천억+),특수 목적용 기계 제조업 우량기업부,
223,475830,오름테라퓨틱,KOSDAQ,"14,586",코어(5천억+),기초 의약물질 제조업 기술성장기업부,
224,192080,더블유게임즈,KOSPI,"14,483",코어(5천억+),소프트웨어 개발 및 공급업 nan,
225,417200,LS머트리얼즈,KOSDAQ,"14,444",코어(5천억+),전자부품 제조업 중견기업부,
226,003570,SNT다이내믹스,KOSPI,"14,365",코어(5천억+),자동차 신품 부품 제조업 nan,
227,127120,제이에스링크,KOSDAQ,"14,350",코어(5천억+),자연과학 및 공학 연구개발업 벤처기업부,
228,189300,인텔리안테크,KOSDAQ,"14,292",코어(5천억+),통신 및 방송 장비 제조업 우량기업부,
229,032500,케이엠더블유,KOSDAQ,"14,071",코어(5천억+),통신 및 방송 장비 제조업 중견기업부,
230,101490,에스앤에스텍,KOSDAQ,"14,038",코어(5천억+),전자부품 제조업 우량기업부,
231,036540,SFA반도체,KOSDAQ,"13,683",코어(5천억+),반도체 제조업 중견기업부,
232,475150,SK이터닉스,KOSPI,"13,661",코어(5천억+),건물 건설업 nan,
233,004000,롯데정밀화학,KOSPI,"13,597",코어(5천억+),기초 화학물질 제조업 nan,
234,294870,IPARK현대산업개발,KOSPI,"13,544",코어(5천억+),건물 건설업 nan,
235,073240,금호타이어,KOSPI,"13,501",코어(5천억+),고무제품 제조업 nan,
236,007310,오뚜기,KOSPI,"13,386",코어(5천억+),기타 식품 제조업 nan,
237,038500,삼표시멘트,KOSDAQ,"13,338",코어(5천억+),기타 비금속 광물제품 제조업 우량기업부,
238,232140,와이씨,KOSDAQ,"13,267",코어(5천억+),특수 목적용 기계 제조업 우량기업부,
239,295310,에이치브이엠,KOSDAQ,"13,206",코어(5천억+),1차 비철금속 제조업 기술성장기업부,
240,490470,세미파이브,KOSDAQ,"13,090",코어(5천억+),"건축기술, 엔지니어링 및 관련 기술 서비스업 기술성장기업부",
241,034230,파라다이스,KOSPI,"13,061",코어(5천억+),유원지 및 기타 오락관련 서비스업 nan,
242,491000,리브스메드,KOSDAQ,"12,977",코어(5천억+),의료용 기기 제조업 기술성장기업부,
243,195940,HK이노엔,KOSDAQ GLOBAL,"12,748",코어(5천억+),의약품 제조업 우량기업부,
244,166090,하나머티리얼즈,KOSDAQ GLOBAL,"12,658",코어(5천억+),반도체 제조업 우량기업부,
245,085660,차바이오텍,KOSDAQ,"12,523",코어(5천억+),기초 의약물질 제조업 중견기업부,
246,090710,휴림로봇,KOSDAQ,"12,471",코어(5천억+),특수 목적용 기계 제조업 중견기업부,
247,328130,루닛,KOSDAQ,"12,467",코어(5천억+),소프트웨어 개발 및 공급업 기술성장기업부,
248,281820,케이씨텍,KOSPI,"12,394",코어(5천억+),"측정, 시험, 항해, 제어 및 기타 정밀기기 제조업; 광학기기 제외 nan",
249,093370,후성,KOSPI,"12,302",코어(5천억+),기초 화학물질 제조업 nan,
250,204270,제이앤티씨,KOSDAQ,"12,235",코어(5천억+),전자부품 제조업 중견기업부,
251,065350,신성델타테크,KOSDAQ,"12,203",코어(5천억+),가정용 기기 제조업 우량기업부,
252,415640,KB발해인프라,KOSPI,"12,132",코어(5천억+),신탁업 및 집합투자업 nan,
253,281740,레이크머티리얼즈,KOSDAQ,"12,088",코어(5천억+),기타 화학제품 제조업 우량기업부,
254,458870,씨어스,KOSDAQ,"12,084",코어(5천억+),의료용 기기 제조업 기술성장기업부,
255,439960,코스모로보틱스,KOSDAQ,"11,912",코어(5천억+),의료용 기기 제조업 기술성장기업부,
256,000210,DL,KOSPI,"11,379",코어(5천억+),기초 화학물질 제조업 nan,
257,089860,롯데렌탈,KOSPI,"11,347",코어(5천억+),운송장비 임대업 nan,
258,000080,하이트진로,KOSPI,"11,235",코어(5천억+),알코올음료 제조업 nan,
259,466100,클로봇,KOSDAQ,"11,202",코어(5천억+),소프트웨어 개발 및 공급업 기술성장기업부,
260,048410,현대바이오,KOSDAQ,"11,166",코어(5천억+),기타 화학제품 제조업 중견기업부,
261,356860,티엘비,KOSDAQ,"11,091",코어(5천억+),전자부품 제조업 우량기업부,
262,006110,삼아알미늄,KOSPI,"11,010",코어(5천억+),1차 비철금속 제조업 nan,
263,137400,피엔티,KOSDAQ GLOBAL,"11,004",코어(5천억+),특수 목적용 기계 제조업 우량기업부,
264,185750,종근당,KOSPI,"10,959",코어(5천억+),의약품 제조업 nan,
265,003090,대웅,KOSPI,"10,954",코어(5천억+),의약품 제조업 nan,
266,456040,OCI,KOSPI,"10,877",코어(5천억+),기초 화학물질 제조업 nan,
267,003240,태광산업,KOSPI,"10,789",코어(5천억+),화학섬유 제조업 nan,
268,126340,비나텍,KOSDAQ,"10,644",코어(5천억+),일차전지 및 이차전지 제조업 벤처기업부,
269,300720,한일시멘트,KOSPI,"10,642",코어(5천억+),"시멘트, 석회, 플라스터 및 그 제품 제조업 nan",
270,100090,SK오션플랜트,KOSPI,"10,628",코어(5천억+),1차 철강 제조업 nan,
271,496320,본시스템즈,KONEX,"10,393",코어(5천억+),특수 목적용 기계 제조업 일반기업부,
272,280360,롯데웰푸드,KOSPI,"10,392",코어(5천억+),기타 식품 제조업 nan,
273,090460,비에이치,KOSPI,"10,333",코어(5천억+),전자부품 제조업 nan,
274,115180,큐리언트,KOSDAQ,"10,315",코어(5천억+),자연과학 및 공학 연구개발업 벤처기업부,
275,388210,씨엠티엑스,KOSDAQ,"10,253",코어(5천억+),전자부품 제조업 벤처기업부,
276,009450,경동나비엔,KOSPI,"10,213",코어(5천억+),가정용 기기 제조업 nan,
277,124500,아이티센글로벌,KOSDAQ,"10,175",코어(5천억+),"컴퓨터 프로그래밍, 시스템 통합 및 관리업 우량기업부",
278,161580,필옵틱스,KOSDAQ,"10,139",코어(5천억+),특수 목적용 기계 제조업 중견기업부,
279,005300,롯데칠성,KOSPI,"10,114",코어(5천억+),비알코올음료 및 얼음 제조업 nan,
280,388720,유일로보틱스,KOSDAQ,"9,991",코어(5천억+),특수 목적용 기계 제조업 벤처기업부,
281,052020,에스티큐브,KOSDAQ,"9,919",코어(5천억+),기계장비 및 관련 물품 도매업 투자주의환기종목(소속부없음),
282,083450,GST,KOSDAQ,"9,915",코어(5천억+),특수 목적용 기계 제조업 우량기업부,
283,050890,쏠리드,KOSDAQ,"9,721",코어(5천억+),통신 및 방송 장비 제조업 우량기업부,
284,057050,현대홈쇼핑,KOSPI,"9,720",코어(5천억+),무점포 소매업 nan,
285,213420,덕산네오룩스,KOSDAQ GLOBAL,"9,647",코어(5천억+),전자부품 제조업 우량기업부,
286,456160,지투지바이오,KOSDAQ,"9,629",코어(5천억+),의약품 제조업 기술성장기업부,
287,056190,에스에프에이,KOSDAQ GLOBAL,"9,588",코어(5천억+),특수 목적용 기계 제조업 우량기업부,
288,248070,솔루엠,KOSPI,"9,563",코어(5천억+),전자부품 제조업 nan,
289,000670,영풍,KOSPI,"9,518",코어(5천억+),1차 비철금속 제조업 nan,
290,033100,제룡전기,KOSDAQ,"9,477",코어(5천억+),"전동기, 발전기 및 전기 변환 · 공급 · 제어 장치 제조업 우량기업부",
291,298050,HS효성첨단소재,KOSPI,"9,430",코어(5천억+),화학섬유 제조업 nan,
292,183300,코미코,KOSDAQ GLOBAL,"9,415",코어(5천억+),특수 목적용 기계 제조업 우량기업부,
293,137310,에스디바이오센서,KOSPI,"9,394",코어(5천억+),의료용 기기 제조업 nan,
294,222080,씨아이에스,KOSDAQ GLOBAL,"9,380",코어(5천억+),특수 목적용 기계 제조업 우량기업부,
295,006340,대원전선,KOSPI,"9,363",코어(5천억+),절연선 및 케이블 제조업 nan,
296,358570,지아이이노베이션,KOSDAQ,"9,306",코어(5천억+),자연과학 및 공학 연구개발업 기술성장기업부,
297,160190,하이젠알앤엠,KOSDAQ,"9,174",코어(5천억+),"전동기, 발전기 및 전기 변환 · 공급 · 제어 장치 제조업 투자주의환기종목(소속부없음)",
298,090360,로보스타,KOSDAQ,"9,165",코어(5천억+),특수 목적용 기계 제조업 중견기업부,
299,005690,파미셀,KOSPI,"9,001",코어(5천억+),전자부품 제조업 nan,
300,086450,동국제약,KOSDAQ GLOBAL,"8,897",코어(5천억+),의약품 제조업 우량기업부,
301,079900,전진건설로봇,KOSPI,"8,785",코어(5천억+),특수 목적용 기계 제조업 nan,
302,376900,로킷헬스케어,KOSDAQ,"8,699",코어(5천억+),의료용품 및 기타 의약 관련제품 제조업 기술성장기업부,
303,010780,아이에스동서,KOSPI,"8,694",코어(5천억+),"시멘트, 석회, 플라스터 및 그 제품 제조업 nan",
304,035760,CJ ENM,KOSDAQ GLOBAL,"8,673",코어(5천억+),텔레비전 방송업 중견기업부,
305,476060,온코닉테라퓨틱스,KOSDAQ,"8,650",코어(5천억+),자연과학 및 공학 연구개발업 기술성장기업부,
306,074600,원익QnC,KOSDAQ GLOBAL,"8,649",코어(5천억+),유리 및 유리제품 제조업 우량기업부,
307,033790,피노,KOSDAQ,"8,645",코어(5천억+),일차전지 및 이차전지 제조업 중견기업부,
308,033240,자화전자,KOSPI,"8,567",코어(5천억+),전자부품 제조업 nan,
309,108320,LX세미콘,KOSPI,"8,555",코어(5천억+),반도체 제조업 nan,
310,293490,카카오게임즈,KOSDAQ GLOBAL,"8,530",코어(5천억+),소프트웨어 개발 및 공급업 중견기업부,
311,075580,세진중공업,KOSPI,"8,488",코어(5천억+),선박 및 보트 건조업 nan,
312,006650,대한유화,KOSPI,"8,340",코어(5천억+),기초 화학물질 제조업 nan,
313,122870,와이지엔터테인먼트,KOSDAQ,"8,336",코어(5천억+),오디오물 출판 및 원판 녹음업 우량기업부,
314,071320,지역난방공사,KOSPI,"8,279",코어(5천억+),"증기, 냉·온수 및 공기조절 공급업 nan",
315,030190,NICE평가정보,KOSPI,"8,236",코어(5천억+),기타 정보 서비스업 nan,
316,486990,노타,KOSDAQ,"8,218",코어(5천억+),소프트웨어 개발 및 공급업 기술성장기업부,
317,336370,솔루스첨단소재,KOSPI,"8,208",코어(5천억+),전자부품 제조업 nan,
318,094170,동운아나텍,KOSDAQ,"8,207",코어(5천억+),반도체 제조업 우량기업부,
319,121600,나노신소재,KOSDAQ,"8,185",코어(5천억+),기타 화학제품 제조업 우량기업부,
320,014620,성광벤드,KOSDAQ,"8,180",코어(5천억+),1차 철강 제조업 우량기업부,
321,023160,태광,KOSDAQ,"8,148",코어(5천억+),1차 철강 제조업 우량기업부,
322,052400,코나아이,KOSDAQ,"8,068",코어(5천억+),소프트웨어 개발 및 공급업 우량기업부,
323,171090,선익시스템,KOSDAQ,"8,052",코어(5천억+),특수 목적용 기계 제조업 우량기업부,
324,214320,이노션,KOSPI,"7,980",코어(5천억+),광고업 nan,
325,025540,한국단자,KOSPI,"7,971",코어(5천억+),"전동기, 발전기 및 전기 변환 · 공급 · 제어 장치 제조업 nan",
326,253450,스튜디오드래곤,KOSDAQ GLOBAL,"7,950",코어(5천억+),"영화, 비디오물, 방송프로그램 제작 및 배급업 우량기업부",
327,064960,SNT모티브,KOSPI,"7,936",코어(5천억+),자동차 신품 부품 제조업 nan,
328,100840,SNT에너지,KOSPI,"7,890",코어(5천억+),일반 목적용 기계 제조업 nan,
329,365340,성일하이텍,KOSDAQ,"7,882",코어(5천억+),기초 화학물질 제조업 기술성장기업부,
330,003160,디아이,KOSPI,"7,882",코어(5천억+),"측정, 시험, 항해, 제어 및 기타 정밀기기 제조업; 광학기기 제외 nan",
331,033640,네패스,KOSDAQ,"7,829",코어(5천억+),반도체 제조업 중견기업부,
332,252990,샘씨엔에스,KOSDAQ,"7,798",코어(5천억+),전자부품 제조업 우량기업부,
333,004490,세방전지,KOSPI,"7,762",코어(5천억+),일차전지 및 이차전지 제조업 nan,
334,003850,보령,KOSPI,"7,738",코어(5천억+),의약품 제조업 nan,
335,056080,유진로봇,KOSDAQ,"7,709",코어(5천억+),특수 목적용 기계 제조업 중견기업부,
336,032190,다우데이타,KOSDAQ,"7,698",코어(5천억+),기계장비 및 관련 물품 도매업 우량기업부,
337,348370,엔켐,KOSDAQ,"7,691",코어(5천억+),기초 화학물질 제조업 중견기업부,
338,241710,코스메카코리아,KOSDAQ,"7,626",코어(5천억+),기타 화학제품 제조업 우량기업부,
339,079160,CJ CGV,KOSPI,"7,551",코어(5천억+),"영화, 비디오물, 방송프로그램 제작 및 배급업 nan",
340,046890,서울반도체,KOSDAQ GLOBAL,"7,516",코어(5천억+),반도체 제조업 중견기업부,
341,174900,앱클론,KOSDAQ,"7,492",코어(5천억+),의료용품 및 기타 의약 관련제품 제조업 벤처기업부,
342,285130,SK케미칼,KOSPI,"7,464",코어(5천억+),합성고무 및 플라스틱 물질 제조업 nan,
343,037460,삼지전자,KOSDAQ,"7,392",코어(5천억+),통신 및 방송 장비 제조업 우량기업부,
344,178920,PI첨단소재,KOSPI,"7,342",코어(5천억+),플라스틱제품 제조업 nan,
345,044490,태웅,KOSDAQ,"7,333",코어(5천억+),기타 금속 가공제품 제조업 우량기업부,
346,005880,대한해운,KOSPI,"7,262",코어(5천억+),해상 운송업 nan,
347,009240,한샘,KOSPI,"7,248",코어(5천억+),생활용품 도매업 nan,
348,005090,SGC에너지,KOSPI,"7,197",코어(5천억+),전기업 nan,
349,336570,원텍,KOSDAQ,"7,184",코어(5천억+),의료용 기기 제조업 우량기업부,
350,356680,엑스게이트,KOSDAQ,"7,136",코어(5천억+),소프트웨어 개발 및 공급업 벤처기업부,
351,348210,넥스틴,KOSDAQ GLOBAL,"7,062",코어(5천억+),특수 목적용 기계 제조업 우량기업부,
352,053610,프로텍,KOSDAQ,"7,047",코어(5천억+),특수 목적용 기계 제조업 우량기업부,
353,086900,메디톡스,KOSDAQ,"7,036",코어(5천억+),기초 의약물질 제조업 우량기업부,
354,225570,넥슨게임즈,KOSDAQ,"6,942",코어(5천억+),소프트웨어 개발 및 공급업 중견기업부,
355,006730,서부T&D,KOSDAQ,"6,928",코어(5천억+),일반 및 생활 숙박시설 운영업 우량기업부,
356,399720,가온칩스,KOSDAQ,"6,926",코어(5천억+),반도체 제조업 벤처기업부,
357,009520,포스코엠텍,KOSDAQ GLOBAL,"6,925",코어(5천억+),1차 철강 제조업 중견기업부,
358,003620,KG모빌리티,KOSPI,"6,891",코어(5천억+),자동차용 엔진 및 자동차 제조업 nan,
359,317450,명인제약,KOSPI,"6,869",코어(5천억+),의약품 제조업 nan,
360,059090,미코,KOSDAQ,"6,850",코어(5천억+),반도체 제조업 벤처기업부,
361,484870,엠앤씨솔루션,KOSPI,"6,847",코어(5천억+),특수 목적용 기계 제조업 nan,
362,053800,안랩,KOSDAQ,"6,787",코어(5천억+),소프트웨어 개발 및 공급업 우량기업부,
363,069260,TKG휴켐스,KOSPI,"6,778",코어(5천억+),기타 화학제품 제조업 nan,
364,389470,인벤티지랩,KOSDAQ,"6,774",코어(5천억+),자연과학 및 공학 연구개발업 기술성장기업부,
365,249420,일동제약,KOSPI,"6,755",코어(5천억+),의약품 제조업 nan,
366,005180,빙그레,KOSPI,"6,729",코어(5천억+),동·식물성 유지 및 낙농제품 제조업 nan,
367,383310,에코프로에이치엔,KOSDAQ,"6,691",코어(5천억+),기타 화학제품 제조업 우량기업부,
368,327260,RF머트리얼즈,KOSDAQ,"6,677",코어(5천억+),전자부품 제조업 벤처기업부,
369,001680,대상,KOSPI,"6,670",코어(5천억+),기타 식품 제조업 nan,
370,082270,젬백스,KOSDAQ,"6,649",코어(5천억+),특수 목적용 기계 제조업 벤처기업부,
371,477850,마키나락스,KOSDAQ,"6,648",코어(5천억+),소프트웨어 개발 및 공급업 기술성장기업부,
372,112040,위메이드,KOSDAQ,"6,634",코어(5천억+),소프트웨어 개발 및 공급업 중견기업부,
373,036810,에프에스티,KOSDAQ,"6,603",코어(5천억+),전자부품 제조업 중견기업부,
374,348340,뉴로메카,KOSDAQ,"6,589",코어(5천억+),특수 목적용 기계 제조업 기술성장기업부,
375,093050,LF,KOSPI,"6,579",코어(5천억+),봉제의복 제조업 nan,
376,114090,GKL,KOSPI,"6,563",코어(5천억+),유원지 및 기타 오락관련 서비스업 nan,
377,102940,코오롱생명과학,KOSDAQ,"6,499",코어(5천억+),기초 의약물질 제조업 중견기업부,
378,089890,코세스,KOSDAQ,"6,493",코어(5천억+),특수 목적용 기계 제조업 우량기업부,
379,001060,JW중외제약,KOSPI,"6,473",코어(5천억+),의약품 제조업 nan,
380,002350,넥센타이어,KOSPI,"6,417",코어(5천억+),고무제품 제조업 nan,
381,002960,한국쉘석유,KOSPI,"6,396",코어(5천억+),석유 정제품 제조업 nan,
382,014820,동원시스템즈,KOSPI,"6,364",코어(5천억+),플라스틱제품 제조업 nan,
383,001570,금양,KOSPI,"6,333",코어(5천억+),기초 화학물질 제조업 nan,
384,102710,이엔에프테크놀로지,KOSDAQ,"6,280",코어(5천억+),기타 화학제품 제조업 우량기업부,
385,00104K,CJ4우(전환),KOSPI,"6,264",코어(5천억+),nan nan,
386,161000,애경케미칼,KOSPI,"6,251",코어(5천억+),기초 화학물질 제조업 nan,
387,448900,한국피아이엠,KOSDAQ,"6,202",코어(5천억+),자동차 신품 부품 제조업 기술성장기업부,
388,253590,네오셈,KOSDAQ,"6,194",코어(5천억+),특수 목적용 기계 제조업 우량기업부,
389,006380,카프로,KOSPI,"6,185",코어(5천억+),기초 화학물질 제조업 nan,
390,041830,인바디,KOSDAQ,"6,181",코어(5천억+),의료용 기기 제조업 우량기업부,
391,033500,동성화인텍,KOSDAQ,"6,148",코어(5천억+),기초 화학물질 제조업 우량기업부,
392,017900,광전자,KOSPI,"6,130",코어(5천억+),반도체 제조업 nan,
393,475960,토모큐브,KOSDAQ,"6,096",코어(5천억+),사진장비 및 광학기기 제조업 기술성장기업부,
394,272290,이녹스첨단소재,KOSDAQ GLOBAL,"6,041",코어(5천억+),전자부품 제조업 우량기업부,
395,278280,천보,KOSDAQ,"5,999",코어(5천억+),기초 화학물질 제조업 중견기업부,
396,089010,켐트로닉스,KOSDAQ,"5,987",코어(5천억+),기타 화학제품 제조업 우량기업부,
397,016380,KG스틸,KOSPI,"5,931",코어(5천억+),1차 철강 제조업 nan,
398,019210,와이지-원,KOSDAQ,"5,925",코어(5천억+),기타 금속 가공제품 제조업 우량기업부,
399,015750,성우하이텍,KOSDAQ,"5,912",코어(5천억+),자동차 신품 부품 제조업 우량기업부,
400,214430,아이쓰리시스템,KOSDAQ,"5,904",코어(5천억+),전자부품 제조업 우량기업부,
401,077360,덕산하이메탈,KOSDAQ,"5,902",코어(5천억+),반도체 제조업 벤처기업부,
402,017940,E1,KOSPI,"5,893",코어(5천억+),기타 전문 도매업 nan,
403,039130,하나투어,KOSPI,"5,871",코어(5천억+),여행사 및 기타 여행보조 서비스업 nan,
404,376300,디어유,KOSDAQ,"5,852",코어(5천억+),소프트웨어 개발 및 공급업 우량기업부,
405,452260,한화갤러리아,KOSPI,"5,835",코어(5천억+),종합 소매업 nan,
406,067160,SOOP,KOSDAQ GLOBAL,"5,793",코어(5천억+),소프트웨어 개발 및 공급업 우량기업부,
407,425420,티에프이,KOSDAQ,"5,741",코어(5천억+),전자부품 제조업 우량기업부,
408,002840,미원상사,KOSPI,"5,724",코어(5천억+),기타 화학제품 제조업 nan,
409,122640,예스티,KOSDAQ,"5,697",코어(5천억+),특수 목적용 기계 제조업 벤처기업부,
410,368770,파이버프로,KOSDAQ,"5,687",코어(5천억+),"측정, 시험, 항해, 제어 및 기타 정밀기기 제조업; 광학기기 제외 벤처기업부",
411,093320,케이아이엔엑스,KOSDAQ,"5,602",코어(5천억+),"자료처리, 호스팅, 포털 및 기타 인터넷 정보매개 서비스업 우량기업부",
412,460930,현대힘스,KOSDAQ,"5,596",코어(5천억+),선박 및 보트 건조업 우량기업부,
413,041960,코미팜,KOSDAQ,"5,527",코어(5천억+),의약품 제조업 벤처기업부,
414,002240,고려제강,KOSPI,"5,494",코어(5천억+),1차 철강 제조업 nan,
415,217590,티엠씨,KOSPI,"5,493",코어(5천억+),절연선 및 케이블 제조업 nan,
416,332570,PS일렉트로닉스,KOSDAQ,"5,493",코어(5천억+),전자부품 제조업 우량기업부,
417,005420,코스모화학,KOSPI,"5,450",코어(5천억+),기타 화학제품 제조업 nan,
418,460860,동국제강,KOSPI,"5,432",코어(5천억+),1차 철강 제조업 nan,
419,453340,현대그린푸드,KOSPI,"5,429",코어(5천억+),종합 소매업 nan,
420,064290,인텍플러스,KOSDAQ,"5,416",코어(5천억+),특수 목적용 기계 제조업 중견기업부,
421,393890,더블유씨피,KOSDAQ GLOBAL,"5,408",코어(5천억+),일차전지 및 이차전지 제조업 기술성장기업부,
422,104830,원익머트리얼즈,KOSDAQ,"5,384",코어(5천억+),기초 화학물질 제조업 우량기업부,
423,452280,한선엔지니어링,KOSDAQ,"5,380",코어(5천억+),기타 금속 가공제품 제조업 우량기업부,
424,045100,한양이엔지,KOSDAQ,"5,355",코어(5천억+),"건축기술, 엔지니어링 및 관련 기술 서비스업 우량기업부",
425,125490,한라캐스트,KOSDAQ,"5,351",코어(5천억+),자동차 신품 부품 제조업 벤처기업부,
426,200710,에이디테크놀로지,KOSDAQ,"5,331",코어(5천억+),반도체 제조업 중견기업부,
427,092190,서울바이오시스,KOSDAQ,"5,284",코어(5천억+),반도체 제조업 투자주의환기종목(소속부없음),
428,019170,신풍제약,KOSPI,"5,273",코어(5천억+),의약품 제조업 nan,
429,035890,서희건설,KOSDAQ,"5,240",코어(5천억+),건물 건설업 중견기업부,
430,033160,엠케이전자,KOSDAQ,"5,202",코어(5천억+),전자부품 제조업 중견기업부,
431,099190,아이센스,KOSDAQ,"5,139",코어(5천억+),의료용 기기 제조업 중견기업부,
432,271940,일진하이솔루스,KOSPI,"5,131",코어(5천억+),그외 기타 운송장비 제조업 nan,
433,389500,에스비비테크,KOSDAQ,"5,118",코어(5천억+),일반 목적용 기계 제조업 기술성장기업부,
434,001530,DI동일,KOSPI,"5,117",코어(5천억+),상품 중개업 nan,
435,094800,맵스리얼티,KOSPI,"5,106",코어(5천억+),신탁업 및 집합투자업 nan,
436,0011T0,채비,KOSDAQ,"5,099",코어(5천억+),"전동기, 발전기 및 전기 변환 · 공급 · 제어 장치 제조업 기술성장기업부",
437,284740,쿠쿠홈시스,KOSPI,"5,093",코어(5천억+),개인 및 가정용품 임대업 nan,
438,009410,태영건설,KOSPI,"5,074",코어(5천억+),토목 건설업 nan,
439,009900,명신산업,KOSPI,"5,058",코어(5천억+),자동차 신품 부품 제조업 nan,
440,003280,흥아해운,KOSPI,"5,049",코어(5천억+),해상 운송업 nan,
441,268280,미원에스씨,KOSPI,"5,020",코어(5천억+),기초 화학물질 제조업 nan,
442,330860,네패스아크,KOSDAQ,"5,020",코어(5천억+),"그외 기타 전문, 과학 및 기술 서비스업 중견기업부",
443,042000,카페24,KOSDAQ,"5,017",코어(5천억+),"자료처리, 호스팅, 포털 및 기타 인터넷 정보매개 서비스업 우량기업부",
444,024850,HLB이노베이션,KOSDAQ,"4,985",확장(3천억+),전자부품 제조업 중견기업부,
445,377740,바이오노트,KOSPI,"4,982",확장(3천억+),의료용품 및 기타 의약 관련제품 제조업 nan,
446,290550,디케이티,KOSDAQ,"4,970",확장(3천억+),전자부품 제조업 우량기업부,
447,230360,에코마케팅,KOSDAQ,"4,960",확장(3천억+),광고업 우량기업부,
448,011930,신성이엔지,KOSPI,"4,940",확장(3천억+),반도체 제조업 nan,
449,030520,한글과컴퓨터,KOSDAQ GLOBAL,"4,933",확장(3천억+),소프트웨어 개발 및 공급업 우량기업부,
450,031430,신세계인터내셔날,KOSPI,"4,898",확장(3천억+),"섬유, 의복, 신발 및 가죽제품 소매업 nan",
451,020000,한섬,KOSPI,"4,875",확장(3천억+),봉제의복 제조업 nan,
452,008730,율촌화학,KOSPI,"4,871",확장(3천억+),플라스틱제품 제조업 nan,
453,025980,아난티,KOSDAQ,"4,865",확장(3천억+),일반 및 생활 숙박시설 운영업 우량기업부,
454,078160,메디포스트,KOSDAQ,"4,830",확장(3천억+),기초 의약물질 제조업 벤처기업부,
455,014830,유니드,KOSPI,"4,825",확장(3천억+),기초 화학물질 제조업 nan,
456,078350,한양디지텍,KOSDAQ,"4,810",확장(3천억+),반도체 제조업 우량기업부,
457,372320,큐로셀,KOSDAQ,"4,804",확장(3천억+),자연과학 및 공학 연구개발업 기술성장기업부,
458,493280,아이엠바이오로직스,KOSDAQ,"4,797",확장(3천억+),자연과학 및 공학 연구개발업 기술성장기업부,
459,003000,부광약품,KOSPI,"4,790",확장(3천억+),의약품 제조업 nan,
460,107640,한중엔시에스,KOSDAQ,"4,786",확장(3천억+),"전동기, 발전기 및 전기 변환 · 공급 · 제어 장치 제조업 기술성장기업부",
461,060280,큐렉소,KOSDAQ,"4,757",확장(3천억+),기타 상품 전문 소매업 중견기업부,
462,069540,빛과전자,KOSDAQ,"4,719",확장(3천억+),통신 및 방송 장비 제조업 벤처기업부,
463,456010,아이씨티케이,KOSDAQ,"4,715",확장(3천억+),반도체 제조업 기술성장기업부,
464,354320,알멕,KOSDAQ,"4,678",확장(3천억+),1차 비철금속 제조업 기술성장기업부,
465,064260,다날,KOSDAQ,"4,660",확장(3천억+),소프트웨어 개발 및 공급업 중견기업부,
466,006910,보성파워텍,KOSDAQ,"4,658",확장(3천억+),"구조용 금속제품, 탱크 및 증기발생기 제조업 우량기업부",
467,101930,인화정공,KOSDAQ,"4,653",확장(3천억+),선박 및 보트 건조업 우량기업부,
468,018290,브이티,KOSDAQ,"4,651",확장(3천억+),기타 화학제품 제조업 우량기업부,
469,034950,한국기업평가,KOSDAQ,"4,595",확장(3천억+),기타 사업지원 서비스업 우량기업부,
470,025320,시노펙스,KOSDAQ,"4,590",확장(3천억+),전자부품 제조업 우량기업부,
471,424870,이뮨온시아,KOSDAQ,"4,578",확장(3천억+),자연과학 및 공학 연구개발업 기술성장기업부,
472,340570,티앤엘,KOSDAQ,"4,560",확장(3천억+),의료용품 및 기타 의약 관련제품 제조업 우량기업부,
473,130660,한전산업,KOSPI,"4,551",확장(3천억+),"건축기술, 엔지니어링 및 관련 기술 서비스업 nan",
474,010820,퍼스텍,KOSPI,"4,550",확장(3천억+),무기 및 총포탄 제조업 nan,
475,025900,동화기업,KOSDAQ GLOBAL,"4,520",확장(3천억+),나무제품 제조업 중견기업부,
476,004690,삼천리,KOSPI,"4,519",확장(3천억+),연료용 가스 제조 및 배관공급업 nan,
477,251970,펌텍코리아,KOSDAQ,"4,495",확장(3천억+),플라스틱제품 제조업 우량기업부,
478,039440,에스티아이,KOSDAQ,"4,451",확장(3천억+),특수 목적용 기계 제조업 우량기업부,
479,034310,NICE,KOSPI,"4,440",확장(3천억+),회사 본부 및 경영 컨설팅 서비스업 nan,
480,145990,삼양사,KOSPI,"4,440",확장(3천억+),기타 식품 제조업 nan,
481,381970,케이카,KOSPI,"4,433",확장(3천억+),자동차 판매업 nan,
482,085910,네오티스,KOSDAQ,"4,403",확장(3천억+),자동차 신품 부품 제조업 중견기업부,
483,468530,프로티나,KOSDAQ,"4,370",확장(3천억+),자연과학 및 공학 연구개발업 기술성장기업부,
484,403550,쏘카,KOSPI,"4,345",확장(3천억+),운송장비 임대업 nan,
485,199800,툴젠,KOSDAQ,"4,328",확장(3천억+),자연과학 및 공학 연구개발업 기술성장기업부,
486,179900,유티아이,KOSDAQ,"4,324",확장(3천억+),전자부품 제조업 투자주의환기종목(소속부없음),
487,168360,펨트론,KOSDAQ,"4,322",확장(3천억+),특수 목적용 기계 제조업 벤처기업부,
488,036620,감성코퍼레이션,KOSDAQ,"4,322",확장(3천억+),기타 전문 도매업 우량기업부,
489,138080,오이솔루션,KOSDAQ,"4,301",확장(3천억+),통신 및 방송 장비 제조업 벤처기업부,
490,394280,오픈엣지테크놀로지,KOSDAQ,"4,263",확장(3천억+),소프트웨어 개발 및 공급업 기술성장기업부,
491,0120G0,삼양바이오팜,KOSPI,"4,261",확장(3천억+),의약품 제조업 nan,
492,079940,가비아,KOSDAQ,"4,248",확장(3천억+),소프트웨어 개발 및 공급업 우량기업부,
493,230240,에치에프알,KOSDAQ,"4,239",확장(3천억+),통신 및 방송 장비 제조업 중견기업부,
494,101160,월덱스,KOSDAQ,"4,235",확장(3천억+),전자부품 제조업 우량기업부,
495,004700,조광피혁,KOSPI,"4,216",확장(3천억+),"가죽, 가방 및 유사제품 제조업 nan",
496,065680,우주일렉트로,KOSDAQ,"4,209",확장(3천억+),전자부품 제조업 우량기업부,
497,013030,하이록코리아,KOSDAQ,"4,195",확장(3천억+),1차 철강 제조업 우량기업부,
498,012030,DB,KOSPI,"4,194",확장(3천억+),"컴퓨터 프로그래밍, 시스템 통합 및 관리업 nan",
499,095660,네오위즈,KOSDAQ,"4,182",확장(3천억+),소프트웨어 개발 및 공급업 우량기업부,
500,215200,메가스터디교육,KOSDAQ GLOBAL,"4,172",확장(3천억+),일반 교습 학원 우량기업부,
501,950210,프레스티지바이오파마,KOSPI,"4,165",확장(3천억+),자연과학 및 공학 연구개발업 nan,
502,002030,아세아,KOSPI,"4,159",확장(3천억+),회사 본부 및 경영 컨설팅 서비스업 nan,
503,042520,한스바이오메드,KOSDAQ,"4,150",확장(3천억+),의료용품 및 기타 의약 관련제품 제조업 벤처기업부,
504,052710,아모텍,KOSDAQ,"4,150",확장(3천억+),전자부품 제조업 중견기업부,
505,117730,티로보틱스,KOSDAQ,"4,126",확장(3천억+),특수 목적용 기계 제조업 벤처기업부,
506,015360,INVENI,KOSPI,"4,120",확장(3천억+),회사 본부 및 경영 컨설팅 서비스업 nan,
507,287840,인투셀,KOSDAQ,"4,078",확장(3천억+),자연과학 및 공학 연구개발업 기술성장기업부,
508,029530,신도리코,KOSPI,"4,071",확장(3천억+),컴퓨터 및 주변장치 제조업 nan,
509,105840,우진,KOSPI,"4,060",확장(3천억+),"측정, 시험, 항해, 제어 및 기타 정밀기기 제조업; 광학기기 제외 nan",
510,215600,신라젠,KOSDAQ,"4,060",확장(3천억+),자연과학 및 공학 연구개발업 중견기업부,
511,098070,한텍,KOSDAQ,"4,048",확장(3천억+),"구조용 금속제품, 탱크 및 증기발생기 제조업 중견기업부",
512,170920,엘티씨,KOSDAQ,"4,041",확장(3천억+),기초 화학물질 제조업 벤처기업부,
513,306200,세아제강,KOSPI,"4,033",확장(3천억+),1차 철강 제조업 nan,
514,145720,덴티움,KOSPI,"4,027",확장(3천억+),의료용 기기 제조업 nan,
515,110990,디아이티,KOSDAQ,"4,026",확장(3천억+),특수 목적용 기계 제조업 우량기업부,
516,344820,KCC글라스,KOSPI,"4,025",확장(3천억+),유리 및 유리제품 제조업 nan,
517,067630,HLB생명과학,KOSDAQ,"3,999",확장(3천억+),의료용품 및 기타 의약 관련제품 제조업 투자주의환기종목(소속부없음),
518,002710,TCC스틸,KOSPI,"3,995",확장(3천억+),1차 철강 제조업 nan,
519,417840,저스템,KOSDAQ,"3,980",확장(3천억+),특수 목적용 기계 제조업 벤처기업부,
520,455900,엔젤로보틱스,KOSDAQ,"3,963",확장(3천억+),특수 목적용 기계 제조업 기술성장기업부,
521,010690,화신,KOSPI,"3,956",확장(3천억+),자동차 신품 부품 제조업 nan,
522,078130,국일제지,KOSDAQ,"3,940",확장(3천억+),기타 종이 및 판지 제품 제조업 중견기업부,
523,084110,휴온스글로벌,KOSDAQ,"3,931",확장(3천억+),의약품 제조업 우량기업부,
524,016590,신대양제지,KOSPI,"3,929",확장(3천억+),"골판지, 종이 상자 및 종이용기 제조업 nan",
525,004710,한솔테크닉스,KOSPI,"3,921",확장(3천억+),전자부품 제조업 nan,
526,089590,제주항공,KOSPI,"3,919",확장(3천억+),항공 여객 운송업 nan,
527,170900,동아에스티,KOSPI,"3,891",확장(3천억+),의약품 제조업 nan,
528,114810,한솔아이원스,KOSDAQ,"3,884",확장(3천억+),특수 목적용 기계 제조업 우량기업부,
529,047920,HLB제약,KOSDAQ,"3,867",확장(3천억+),자연과학 및 공학 연구개발업 기술성장기업부,
530,017810,풀무원,KOSPI,"3,865",확장(3천억+),기타 식품 제조업 nan,
531,002810,삼영무역,KOSPI,"3,850",확장(3천억+),기타 전문 도매업 nan,
532,425040,티이엠씨,KOSDAQ,"3,847",확장(3천억+),기초 화학물질 제조업 우량기업부,
533,092790,넥스틸,KOSPI,"3,825",확장(3천억+),1차 철강 제조업 nan,
534,488900,비츠로넥스텍,KOSDAQ,"3,816",확장(3천억+),"항공기,우주선 및 부품 제조업 기술성장기업부",
535,097520,엠씨넥스,KOSPI,"3,811",확장(3천억+),영상 및 음향기기 제조업 nan,
536,092870,엑시콘,KOSDAQ,"3,811",확장(3천억+),특수 목적용 기계 제조업 우량기업부,
537,441270,파인엠텍,KOSDAQ,"3,785",확장(3천억+),전자부품 제조업 벤처기업부,
538,080580,오킨스전자,KOSDAQ,"3,784",확장(3천억+),전자부품 제조업 벤처기업부,
539,254490,미래반도체,KOSDAQ,"3,783",확장(3천억+),기타 전문 도매업 우량기업부,
540,126720,수산인더스트리,KOSPI,"3,779",확장(3천억+),전기 및 통신 공사업 nan,
541,304360,에스바이오메딕스,KOSDAQ,"3,753",확장(3천억+),의약품 제조업 벤처기업부,
542,241520,DSC인베스트먼트,KOSDAQ,"3,751",확장(3천억+),신탁업 및 집합투자업 중견기업부,
543,265520,AP시스템,KOSDAQ,"3,748",확장(3천억+),특수 목적용 기계 제조업 우량기업부,
544,018250,애경산업,KOSPI,"3,740",확장(3천억+),기타 화학제품 제조업 nan,
545,079370,제우스,KOSDAQ,"3,738",확장(3천억+),특수 목적용 기계 제조업 우량기업부,
546,119850,지엔씨에너지,KOSDAQ,"3,734",확장(3천억+),"전동기, 발전기 및 전기 변환 · 공급 · 제어 장치 제조업 우량기업부",
547,317330,덕산테코피아,KOSDAQ,"3,704",확장(3천억+),기타 화학제품 제조업 중견기업부,
548,241770,메카로,KOSDAQ,"3,700",확장(3천억+),반도체 제조업 우량기업부,
549,274090,켄코아에어로스페이스,KOSDAQ,"3,673",확장(3천억+),"항공기,우주선 및 부품 제조업 기술성장기업부",
550,206650,유바이오로직스,KOSDAQ,"3,672",확장(3천억+),의약품 제조업 우량기업부,
551,144960,뉴파워프라즈마,KOSDAQ,"3,670",확장(3천억+),특수 목적용 기계 제조업 우량기업부,
552,200880,서연이화,KOSPI,"3,662",확장(3천억+),자동차 신품 부품 제조업 nan,
553,011760,현대코퍼레이션,KOSPI,"3,658",확장(3천억+),상품 종합 도매업 nan,
554,187660,페니트리움바이오,KOSDAQ,"3,655",확장(3천억+),자연과학 및 공학 연구개발업 중견기업부,
555,005610,삼립,KOSPI,"3,646",확장(3천억+),기타 식품 제조업 nan,
556,200470,에이팩트,KOSDAQ,"3,643",확장(3천억+),반도체 제조업 중견기업부,
557,005950,이수화학,KOSPI,"3,636",확장(3천억+),기초 화학물질 제조업 nan,
558,183190,아세아시멘트,KOSPI,"3,636",확장(3천억+),"시멘트, 석회, 플라스터 및 그 제품 제조업 nan",
559,091810,트리니티항공,KOSPI,"3,613",확장(3천억+),항공 여객 운송업 nan,
560,187870,디바이스,KOSDAQ,"3,573",확장(3천억+),특수 목적용 기계 제조업 우량기업부,
561,376270,HEM파마,KOSDAQ,"3,566",확장(3천억+),자연과학 및 공학 연구개발업 기술성장기업부,
562,058430,포스코스틸리온,KOSPI,"3,564",확장(3천억+),1차 철강 제조업 nan,
563,105630,한세실업,KOSPI,"3,544",확장(3천억+),봉제의복 제조업 nan,
564,378340,필에너지,KOSDAQ,"3,538",확장(3천억+),특수 목적용 기계 제조업 중견기업부,
565,203650,드림시큐리티,KOSDAQ,"3,528",확장(3천억+),소프트웨어 개발 및 공급업 중견기업부,
566,243070,휴온스,KOSDAQ,"3,522",확장(3천억+),의약품 제조업 우량기업부,
567,092460,한라IMS,KOSDAQ,"3,516",확장(3천억+),선박 및 보트 건조업 우량기업부,
568,029460,케이씨,KOSPI,"3,516",확장(3천억+),"측정, 시험, 항해, 제어 및 기타 정밀기기 제조업; 광학기기 제외 nan",
569,160980,싸이맥스,KOSDAQ,"3,507",확장(3천억+),특수 목적용 기계 제조업 우량기업부,
570,005720,넥센,KOSPI,"3,499",확장(3천억+),고무제품 제조업 nan,
571,091700,파트론,KOSDAQ GLOBAL,"3,495",확장(3천억+),전자부품 제조업 우량기업부,
572,484590,삼양컴텍,KOSDAQ,"3,495",확장(3천억+),무기 및 총포탄 제조업 벤처기업부,
573,003800,에이스침대,KOSDAQ,"3,482",확장(3천억+),가구 제조업 우량기업부,
574,025860,남해화학,KOSPI,"3,478",확장(3천억+),"비료, 농약 및 살균, 살충제 제조업 nan",
575,365270,큐라클,KOSDAQ,"3,476",확장(3천억+),자연과학 및 공학 연구개발업 기술성장기업부,
576,452430,사피엔반도체,KOSDAQ,"3,467",확장(3천억+),반도체 제조업 기술성장기업부,
577,101730,위메이드맥스,KOSDAQ,"3,461",확장(3천억+),소프트웨어 개발 및 공급업 중견기업부,
578,482630,삼양엔씨켐,KOSDAQ,"3,450",확장(3천억+),기타 화학제품 제조업 중견기업부,
579,389650,넥스트바이오메디컬,KOSDAQ,"3,447",확장(3천억+),의료용 기기 제조업 기술성장기업부,
580,099430,바이오플러스,KOSDAQ,"3,427",확장(3천억+),기초 의약물질 제조업 우량기업부,
581,009290,광동제약,KOSPI,"3,411",확장(3천억+),의약품 제조업 nan,
582,192650,드림텍,KOSPI,"3,411",확장(3천억+),전자부품 제조업 nan,
583,064820,케이프,KOSDAQ,"3,398",확장(3천억+),선박 및 보트 건조업 우량기업부,
584,286940,롯데이노베이트,KOSPI,"3,397",확장(3천억+),"컴퓨터 프로그래밍, 시스템 통합 및 관리업 nan",
585,220100,퓨쳐켐,KOSDAQ,"3,387",확장(3천억+),의약품 제조업 기술성장기업부,
586,046970,우리로,KOSDAQ,"3,379",확장(3천억+),기타 전문 도매업 벤처기업부,
587,219130,타이거일렉,KOSDAQ,"3,359",확장(3천억+),전자부품 제조업 벤처기업부,
588,036200,유니셈,KOSDAQ,"3,355",확장(3천억+),특수 목적용 기계 제조업 우량기업부,
589,016800,퍼시스,KOSPI,"3,346",확장(3천억+),가구 제조업 nan,
590,094360,칩스앤미디어,KOSDAQ,"3,310",확장(3천억+),반도체 제조업 벤처기업부,
591,092200,디아이씨,KOSPI,"3,298",확장(3천억+),자동차 신품 부품 제조업 nan,
592,228760,지노믹트리,KOSDAQ,"3,296",확장(3천억+),자연과학 및 공학 연구개발업 기술성장기업부,
593,058970,엠로,KOSDAQ,"3,282",확장(3천억+),소프트웨어 개발 및 공급업 기술성장기업부,
594,0082N0,카나프테라퓨틱스,KOSDAQ,"3,271",확장(3천억+),자연과학 및 공학 연구개발업 기술성장기업부,
595,089980,상아프론테크,KOSDAQ,"3,270",확장(3천억+),플라스틱제품 제조업 우량기업부,
596,445090,에이직랜드,KOSDAQ,"3,267",확장(3천억+),반도체 제조업 벤처기업부,
597,298830,슈어소프트테크,KOSDAQ,"3,261",확장(3천억+),소프트웨어 개발 및 공급업 우량기업부,
598,069080,웹젠,KOSDAQ GLOBAL,"3,255",확장(3천억+),소프트웨어 개발 및 공급업 우량기업부,
599,126560,현대퓨처넷,KOSPI,"3,249",확장(3천억+),전기 통신업 nan,
600,448280,에코아이,KOSDAQ,"3,248",확장(3천억+),기타 전문 서비스업 중견기업부,
601,086390,유니테스트,KOSDAQ,"3,244",확장(3천억+),특수 목적용 기계 제조업 중견기업부,
602,232530,이엠티,KONEX,"3,233",확장(3천억+),일차전지 및 이차전지 제조업 일반기업부,
603,009160,SIMPAC,KOSPI,"3,229",확장(3천억+),1차 철강 제조업 nan,
604,041920,메디아나,KOSDAQ,"3,229",확장(3천억+),의료용 기기 제조업 우량기업부,
605,049070,인탑스,KOSDAQ,"3,228",확장(3천억+),통신 및 방송 장비 제조업 우량기업부,
606,194370,제이에스코퍼레이션,KOSPI,"3,227",확장(3천억+),"가죽, 가방 및 유사제품 제조업 nan",
607,450950,아스테라시스,KOSDAQ,"3,221",확장(3천억+),의료용 기기 제조업 벤처기업부,
608,078340,컴투스,KOSDAQ GLOBAL,"3,210",확장(3천억+),소프트웨어 개발 및 공급업 중견기업부,
609,462350,이노스페이스,KOSDAQ,"3,210",확장(3천억+),"항공기,우주선 및 부품 제조업 기술성장기업부",
610,073490,LIG아큐버,KOSDAQ,"3,209",확장(3천억+),통신 및 방송 장비 제조업 우량기업부,
611,001390,KG케미칼,KOSPI,"3,207",확장(3천억+),기초 화학물질 제조업 nan,
612,078520,에이블씨엔씨,KOSPI,"3,205",확장(3천억+),기타 화학제품 제조업 nan,
613,272450,진에어,KOSPI,"3,200",확장(3천억+),항공 여객 운송업 nan,
614,003720,삼영,KOSPI,"3,199",확장(3천억+),플라스틱제품 제조업 nan,
615,017860,DS단석,KOSPI,"3,193",확장(3천억+),기타 화학제품 제조업 nan,
616,061970,LB세미콘,KOSDAQ,"3,177",확장(3천억+),반도체 제조업 중견기업부,
617,104700,한국철강,KOSPI,"3,168",확장(3천억+),1차 철강 제조업 nan,
618,036890,진성티이씨,KOSDAQ,"3,153",확장(3천억+),특수 목적용 기계 제조업 우량기업부,
619,084010,대한제강,KOSPI,"3,152",확장(3천억+),1차 철강 제조업 nan,
620,001340,PKC,KOSPI,"3,139",확장(3천억+),기초 화학물질 제조업 nan,
621,307180,아이엘,KOSDAQ,"3,124",확장(3천억+),전구 및 조명장치 제조업 벤처기업부,
622,018310,삼목에스폼,KOSDAQ,"3,116",확장(3천억+),"구조용 금속제품, 탱크 및 증기발생기 제조업 우량기업부",
623,025770,한국정보통신,KOSDAQ,"3,115",확장(3천억+),전기 통신업 우량기업부,
624,034830,한국토지신탁,KOSPI,"3,108",확장(3천억+),신탁업 및 집합투자업 nan,
625,200130,콜마비앤에이치,KOSDAQ GLOBAL,"3,095",확장(3천억+),기초 의약물질 제조업 우량기업부,
626,200670,휴메딕스,KOSDAQ,"3,083",확장(3천억+),의약품 제조업 우량기업부,
627,475400,씨메스로보틱스,KOSDAQ,"3,080",확장(3천억+),특수 목적용 기계 제조업 기술성장기업부,
628,144510,지씨셀,KOSDAQ,"3,078",확장(3천억+),"그외 기타 전문, 과학 및 기술 서비스업 중견기업부",
629,002310,아세아제지,KOSPI,"3,077",확장(3천억+),"골판지, 종이 상자 및 종이용기 제조업 nan",
630,007690,국도화학,KOSPI,"3,075",확장(3천억+),기초 화학물질 제조업 nan,
631,136480,하림,KOSDAQ,"3,069",확장(3천억+),"도축, 육류 가공 및 저장 처리업 우량기업부",
632,026890,스틱인베스트먼트,KOSPI,"3,059",확장(3천억+),신탁업 및 집합투자업 nan,
633,242040,나무기술,KOSDAQ,"3,038",확장(3천억+),소프트웨어 개발 및 공급업 기술성장기업부,
634,478340,나라스페이스테크놀로지,KOSDAQ,"3,005",확장(3천억+),"항공기,우주선 및 부품 제조업 기술성장기업부",
