stock_code,연도수,유형수,범위수,총행수,완전성점수
0044K0,1,2,1,24,48.8
0041B0,1,2,1,27,49.2
0099W0,1,2,1,28,49.3
0071M0,1,2,1,29,49.5
0088D0,1,2,1,29,49.5
0132G0,1,2,1,29,49.5
0072Z0,1,2,1,31,49.7
0093G0,1,2,1,31,49.7
0096B0,1,2,1,31,49.7
0105P0,1,2,1,31,49.7
0101C0,1,2,1,32,49.8
0096D0,1,2,1,35,50.2
0091W0,1,2,1,37,50.5
448730,1,2,1,39,50.7
417310,1,2,1,41,51.0
0120G0,1,2,1,50,52.1
479880,2,2,1,50,60.4
477470,2,2,1,57,61.3
484130,2,2,1,60,61.7
478390,2,2,1,62,61.9
481890,2,2,1,62,61.9
482520,2,2,1,62,61.9
486630,2,2,1,62,61.9
492220,2,2,1,62,61.9
498390,2,2,1,62,61.9
487830,2,2,1,65,62.3
489210,2,2,1,66,62.4
489730,2,2,1,66,62.4
493790,2,2,1,66,62.4
496070,2,2,1,66,62.4
477380,2,2,1,67,62.5
477760,2,2,1,68,62.7
0004Y0,2,2,1,69,62.8
357250,2,2,1,73,63.3
477340,2,2,1,74,63.4
487720,2,2,1,74,63.4
488060,2,2,1,76,63.7
330590,2,2,1,78,63.9
338100,2,2,1,90,65.4
357120,2,2,1,96,66.2
451800,2,2,1,110,67.9
004310,2,2,1,124,69.7
395400,1,2,2,92,69.8
086790,3,1,1,165,70.6
474930,3,2,1,77,72.1
452670,3,2,1,79,72.4
472230,3,2,1,80,72.5
473950,3,2,1,81,72.6
464440,3,2,1,85,73.1
456490,3,2,1,87,73.4
469880,3,2,1,87,73.4
471050,3,2,1,91,73.9
469900,3,2,1,93,74.1
451700,3,2,1,96,74.5
457630,3,2,1,96,74.5
466910,3,2,1,96,74.5
468760,3,2,1,96,74.5
466690,3,2,1,98,74.8
455310,3,2,1,99,74.9
464680,3,2,1,99,74.9
467930,3,2,1,99,74.9
473050,3,2,1,101,75.1
465320,3,2,1,102,75.2
440290,3,2,1,104,75.5
450050,3,2,1,104,75.5
462020,3,2,1,105,75.6
469480,3,2,1,111,76.4
472220,3,2,1,111,76.4
474490,3,2,1,114,76.8
450940,3,2,1,117,77.1
049130,3,2,1,128,78.5
131090,3,2,1,129,78.6
219130,3,2,1,130,78.8
033100,3,2,1,131,78.9
0007J0,3,2,1,132,79.0
048470,3,2,1,133,79.1
256150,3,2,1,133,79.1
418250,3,2,1,133,79.1
290560,3,2,1,134,79.2
303030,3,2,1,134,79.2
446540,3,2,1,134,79.2
452430,3,2,1,134,79.2
006140,3,2,1,135,79.4
0082N0,3,2,1,135,79.4
257370,3,2,1,135,79.4
457550,3,2,1,135,79.4
333050,3,2,1,136,79.5
493280,3,2,1,136,79.5
263770,3,2,1,137,79.6
002290,3,2,1,138,79.8
002960,3,2,1,138,79.8
021080,3,2,1,138,79.8
023910,3,2,1,138,79.8
039790,3,2,1,138,79.8
147830,3,2,1,138,79.8
356680,3,2,1,138,79.8
397030,3,2,1,138,79.8
459510,3,2,1,138,79.8
476060,3,2,1,138,79.8
149950,3,2,1,140,80.0
195500,3,2,1,140,80.0
086220,3,2,1,141,80.1
096640,3,2,1,141,80.1
287840,3,2,1,141,80.1
415380,3,2,1,141,80.1
035290,3,2,1,142,80.2
217950,3,2,1,142,80.2
210120,3,2,1,143,80.4
096870,3,2,1,144,80.5
110020,3,2,1,144,80.5
251120,3,2,1,144,80.5
418470,3,2,1,144,80.5
419540,3,2,1,144,80.5
460470,3,2,1,144,80.5
950160,3,2,1,144,80.5
025890,3,2,1,145,80.6
174900,3,2,1,145,80.6
252500,3,2,1,145,80.6
267080,3,2,1,145,80.6
365270,3,2,1,145,80.6
370090,3,2,1,145,80.6
389500,3,2,1,145,80.6
446840,3,2,1,145,80.6
065570,3,2,1,146,80.8
079000,3,2,1,146,80.8
140910,3,2,1,146,80.8
432720,3,2,1,146,80.8
015020,3,2,1,147,80.9
017680,3,2,1,147,80.9
026940,3,2,1,147,80.9
079170,3,2,1,147,80.9
106190,3,2,1,147,80.9
134060,3,2,1,147,80.9
153460,3,2,1,147,80.9
244460,3,2,1,147,80.9
457370,3,2,1,147,80.9
475660,3,2,1,147,80.9
189860,3,2,1,148,81.0
065660,3,2,1,149,81.1
115610,3,2,1,149,81.1
246250,3,2,1,149,81.1
001550,3,2,1,150,81.2
067830,3,2,1,150,81.2
073570,3,2,1,150,81.2
101680,3,2,1,150,81.2
228340,3,2,1,150,81.2
246720,3,2,1,150,81.2
299660,3,2,1,150,81.2
303360,3,2,1,150,81.2
323990,3,2,1,150,81.2
330730,3,2,1,150,81.2
417790,3,2,1,150,81.2
005690,3,2,1,151,81.4
044490,3,2,1,151,81.4
109080,3,2,1,151,81.4
308430,3,2,1,151,81.4
388790,3,2,1,151,81.4
432980,3,2,1,152,81.5
009520,3,2,1,153,81.6
011420,3,2,1,153,81.6
024830,3,2,1,153,81.6
058470,3,2,1,153,81.6
062970,3,2,1,153,81.6
123860,3,2,1,153,81.6
274400,3,2,1,153,81.6
279600,3,2,1,153,81.6
291810,3,2,1,153,81.6
383930,3,2,1,153,81.6
463020,3,2,1,153,81.6
482630,3,2,1,153,81.6
900340,3,2,1,153,81.6
199730,3,2,1,154,81.8
263800,3,2,1,154,81.8
0010F0,3,2,1,155,81.9
081970,3,2,1,155,81.9
094850,3,2,1,155,81.9
101140,3,2,1,155,81.9
125020,3,2,1,155,81.9
315640,3,2,1,155,81.9
389680,3,2,1,155,81.9
424870,3,2,1,155,81.9
0088M0,3,2,1,156,82.0
023770,3,2,1,156,82.0
036670,3,2,1,156,82.0
037070,3,2,1,156,82.0
064760,3,2,1,156,82.0
099410,3,2,1,156,82.0
196300,3,2,1,156,82.0
308080,3,2,1,156,82.0
314140,3,2,1,156,82.0
344860,3,2,1,156,82.0
358570,3,2,1,156,82.0
429270,3,2,1,156,82.0
448710,3,2,1,156,82.0
452300,3,2,1,156,82.0
484810,3,2,1,156,82.0
078590,3,2,1,157,82.1
365590,3,2,1,157,82.1
013000,3,2,1,158,82.2
039240,3,2,1,158,82.2
294630,3,2,1,158,82.2
002700,3,2,1,159,82.4
005870,3,2,1,159,82.4
012690,3,2,1,159,82.4
036620,3,2,1,159,82.4
049830,3,2,1,159,82.4
114450,3,2,1,159,82.4
188260,3,2,1,159,82.4
222110,3,2,1,159,82.4
250030,3,2,1,159,82.4
307930,3,2,1,159,82.4
381970,3,2,1,159,82.4
403870,3,2,1,159,82.4
452280,3,2,1,159,82.4
455900,3,2,1,159,82.4
479960,3,2,1,159,82.4
488900,3,2,1,159,82.4
163280,3,2,1,160,82.5
004700,3,2,1,161,82.6
025950,3,2,1,161,82.6
026040,3,2,1,161,82.6
009770,3,2,1,162,82.8
014570,3,2,1,162,82.8
031990,3,2,1,162,82.8
054930,3,2,1,162,82.8
081180,3,2,1,162,82.8
107600,3,2,1,162,82.8
115500,3,2,1,162,82.8
177900,3,2,1,162,82.8
200470,3,2,1,162,82.8
264900,3,2,1,162,82.8
265740,3,2,1,162,82.8
279570,3,2,1,162,82.8
311060,3,2,1,162,82.8
338840,3,2,1,162,82.8
462510,3,2,1,162,82.8
464580,3,2,1,162,82.8
020400,3,2,1,163,82.9
087600,3,2,1,163,82.9
101240,3,2,1,163,82.9
289930,3,2,1,163,82.9
456160,3,2,1,163,82.9
352940,3,2,1,164,83.0
005030,3,2,1,165,83.1
012280,3,2,1,165,83.1
032580,3,3,1,165,83.1
051380,3,2,1,165,83.1
052770,3,2,1,165,83.1
066130,3,2,1,165,83.1
136150,3,2,1,165,83.1
221800,3,2,1,165,83.1
222420,3,2,1,165,83.1
340450,3,2,1,165,83.1
900310,3,2,1,165,83.1
138360,3,2,1,166,83.2
424760,3,2,1,166,83.2
452200,3,2,1,166,83.2
008500,3,2,1,167,83.4
234920,3,2,1,167,83.4
484590,3,2,1,167,83.4
900260,3,2,1,167,83.4
003520,3,2,1,168,83.5
083640,3,2,1,168,83.5
094170,3,2,1,168,83.5
112290,3,2,1,168,83.5
140430,3,2,1,168,83.5
212560,3,2,1,168,83.5
377450,3,2,1,168,83.5
418420,3,2,1,168,83.5
450080,3,2,1,168,83.5
453860,3,2,1,168,83.5
456070,3,2,1,168,83.5
460870,3,2,1,168,83.5
464280,3,2,1,168,83.5
469750,3,2,1,168,83.5
900300,3,2,1,168,83.5
006050,3,2,1,170,83.8
007120,3,2,1,170,83.8
009730,3,2,1,170,83.8
019550,3,2,1,171,83.9
025820,3,2,1,171,83.9
029960,3,2,1,171,83.9
043340,3,2,1,171,83.9
051630,3,2,1,171,83.9
084680,3,2,1,171,83.9
101970,3,2,1,171,83.9
238490,3,2,1,171,83.9
298690,3,2,1,171,83.9
323410,3,2,1,171,83.9
350520,2,2,2,138,83.9
474610,3,2,1,171,83.9
478340,3,2,1,171,83.9
900110,3,2,1,171,83.9
474650,3,2,1,172,84.0
054300,3,2,1,173,84.1
089150,3,2,1,173,84.1
219750,3,2,1,173,84.1
305090,3,2,1,173,84.1
389650,3,2,1,173,84.1
007110,3,2,1,174,84.2
009460,3,2,1,174,84.2
019770,3,2,1,174,84.2
037230,3,2,1,174,84.2
037710,3,2,1,174,84.2
041910,3,2,1,174,84.2
059120,3,2,1,174,84.2
061250,3,2,1,174,84.2
138610,3,2,1,174,84.2
220260,3,2,1,174,84.2
267850,3,2,1,174,84.2
396270,3,2,1,174,84.2
464080,3,2,1,174,84.2
475430,3,2,1,174,84.2
056730,3,2,1,175,84.4
303810,3,2,1,175,84.4
023790,3,2,1,176,84.5
484870,3,3,1,176,84.5
016090,3,2,1,177,84.6
032860,3,2,1,177,84.6
088280,3,2,1,177,84.6
239890,3,2,1,177,84.6
290690,3,2,1,177,84.6
294570,3,2,1,177,84.6
348030,3,2,1,177,84.6
360070,3,2,1,177,84.6
000890,3,2,1,178,84.8
024060,3,2,1,178,84.8
049470,3,2,1,178,84.8
008040,3,2,1,179,84.9
054780,3,2,1,179,84.9
103230,3,2,1,179,84.9
007330,3,2,1,180,85.0
015710,3,2,1,180,85.0
023000,3,2,1,180,85.0
024090,3,2,1,180,85.0
056080,3,2,1,180,85.0
063160,3,2,1,180,85.0
067730,3,2,1,180,85.0
187660,3,2,1,180,85.0
200670,3,2,1,180,85.0
331380,3,2,1,180,85.0
005070,3,2,1,181,85.1
361390,3,2,1,181,85.1
0030R0,2,2,2,148,85.2
003350,3,2,1,183,85.4
003830,3,2,1,183,85.4
039980,3,2,1,183,85.4
050960,3,3,1,183,85.4
052600,3,2,1,183,85.4
053050,3,2,1,183,85.4
120240,3,2,1,183,85.4
133750,3,2,1,183,85.4
215380,3,2,1,183,85.4
254490,3,2,1,183,85.4
330860,3,2,1,183,85.4
461300,3,2,1,183,85.4
008260,3,2,1,184,85.5
008830,3,2,1,184,85.5
072020,3,2,1,185,85.6
261520,3,2,1,185,85.6
003650,3,2,1,186,85.8
007370,3,2,1,186,85.8
008800,3,2,1,186,85.8
032300,3,2,1,186,85.8
060480,3,2,1,186,85.8
066430,3,2,1,186,85.8
131030,3,2,1,186,85.8
131970,3,2,1,186,85.8
214390,3,2,1,186,85.8
214430,3,2,1,186,85.8
295310,3,2,1,186,85.8
446070,3,2,1,186,85.8
036480,3,2,1,187,85.9
095700,3,2,1,187,85.9
014160,3,2,1,188,86.0
058860,3,3,1,188,86.0
293480,3,2,1,188,86.0
402030,3,2,1,188,86.0
002210,3,2,1,189,86.1
002780,3,3,1,189,86.1
003010,3,2,1,189,86.1
006090,3,2,1,189,86.1
010820,3,2,1,189,86.1
272450,3,2,1,189,86.1
290380,3,2,1,189,86.1
377460,3,2,1,189,86.1
388720,3,2,1,189,86.1
900250,3,2,1,189,86.1
424980,3,2,1,190,86.2
008420,3,2,1,192,86.5
034590,3,2,1,192,86.5
040300,3,2,1,192,86.5
060260,3,2,1,192,86.5
086890,3,2,1,192,86.5
195940,3,2,1,192,86.5
260660,3,2,1,192,86.5
376180,3,2,1,192,86.5
083420,3,2,1,194,86.8
032080,3,3,1,195,86.9
095190,3,2,1,195,86.9
291650,3,2,1,195,86.9
053290,3,2,1,196,87.0
088790,3,2,1,196,87.0
004440,3,3,1,197,87.1
001420,3,2,1,198,87.2
044060,3,2,1,198,87.2
334890,2,2,2,164,87.2
481850,2,2,2,164,87.2
000400,3,2,1,333,87.5
001540,3,2,1,210,87.5
001750,3,2,1,246,87.5
002420,3,2,1,225,87.5
003120,3,2,1,210,87.5
003850,3,2,1,225,87.5
004720,3,2,1,216,87.5
004870,3,2,1,252,87.5
007340,3,2,1,226,87.5
008370,3,2,1,243,87.5
012510,3,2,1,212,87.5
016670,3,2,1,220,87.5
017000,3,2,1,201,87.5
017810,3,2,1,245,87.5
018470,3,2,1,456,87.5
023450,3,2,1,459,87.5
027830,3,2,1,318,87.5
036000,3,3,1,213,87.5
036570,3,2,1,228,87.5
037330,3,2,1,225,87.5
043360,3,2,1,204,87.5
044960,3,2,1,558,87.5
045340,3,2,1,425,87.5
053580,3,2,1,216,87.5
053950,3,2,1,211,87.5
063570,3,2,1,243,87.5
069920,3,2,1,204,87.5
069960,3,3,1,276,87.5
073190,3,2,1,204,87.5
089600,3,3,1,234,87.5
103840,3,2,1,204,87.5
104480,3,2,1,240,87.5
105560,3,2,1,273,87.5
117580,3,2,1,315,87.5
131290,3,3,1,237,87.5
134380,3,2,1,468,87.5
154040,3,2,1,224,87.5
197140,3,2,1,235,87.5
198440,3,2,1,204,87.5
206650,3,2,1,206,87.5
211270,3,2,1,535,87.5
214610,3,2,1,207,87.5
241560,3,3,1,228,87.5
244920,3,2,1,249,87.5
250060,3,2,1,237,87.5
267260,3,2,1,234,87.5
298020,3,3,1,228,87.5
363280,3,2,1,272,87.5
445180,3,2,1,399,87.5
900070,3,2,1,212,87.5
900140,3,2,1,236,87.5
900270,3,2,1,210,87.5
432320,2,2,2,174,88.4
365550,2,2,2,176,88.7
348950,2,2,2,184,89.7
404990,2,2,2,188,90.2
082660,2,2,2,209,91.7
400760,2,2,2,274,91.7
487570,2,3,2,242,91.7
000020,3,2,2,399,100.0
000030,3,2,2,450,100.0
000040,3,2,2,443,100.0
000050,3,3,2,801,100.0
000070,3,2,2,446,100.0
000080,3,2,2,393,100.0
000110,3,2,2,429,100.0
000120,3,3,2,444,100.0
000150,3,3,2,561,100.0
000210,3,3,2,429,100.0
000230,3,2,2,399,100.0
000300,3,2,2,408,100.0
000320,3,2,2,428,100.0
000370,3,2,2,597,100.0
000390,3,2,2,465,100.0
000430,3,3,2,423,100.0
000440,3,2,2,312,100.0
000480,3,3,2,444,100.0
000490,3,2,2,402,100.0
0004V0,3,2,2,334,100.0
000500,3,2,2,546,100.0
000590,3,2,2,339,100.0
000660,3,2,2,447,100.0
000670,3,2,2,388,100.0
000720,3,2,2,503,100.0
000850,3,2,2,381,100.0
000880,3,2,2,486,100.0
000910,3,2,2,352,100.0
000970,3,2,2,361,100.0
000990,3,3,2,447,100.0
001040,3,3,2,432,100.0
001070,3,2,2,414,100.0
0010V0,3,2,2,360,100.0
001130,3,2,2,381,100.0
001200,3,2,2,426,100.0
001250,3,2,2,452,100.0
001260,3,2,2,372,100.0
001270,3,2,2,387,100.0
001340,3,2,2,351,100.0
001380,3,2,2,334,100.0
001390,3,2,2,443,100.0
0013V0,3,2,2,405,100.0
001430,3,2,2,398,100.0
001440,3,2,2,441,100.0
001450,3,2,2,648,100.0
001460,3,2,2,438,100.0
001500,3,2,2,417,100.0
001510,3,2,2,477,100.0
001560,3,2,2,347,100.0
001570,3,2,2,405,100.0
0015G0,3,2,2,344,100.0
0015S0,3,2,2,268,100.0
001620,3,2,2,402,100.0
001630,3,3,2,429,100.0
001680,3,2,2,441,100.0
001740,3,2,2,489,100.0
001790,3,2,2,399,100.0
001800,3,2,2,414,100.0
001810,3,2,2,450,100.0
001940,3,2,2,350,100.0
002020,3,2,2,527,100.0
002030,3,2,2,357,100.0
002070,3,2,2,364,100.0
002100,3,2,2,405,100.0
002170,3,2,2,354,100.0
002200,3,2,2,354,100.0
002240,3,2,2,378,100.0
002310,3,2,2,387,100.0
002360,3,2,2,345,100.0
002380,3,2,2,448,100.0
002410,3,2,2,465,100.0
002550,3,2,2,606,100.0
002600,3,2,2,348,100.0
002620,3,2,2,378,100.0
002680,3,2,2,375,100.0
002710,3,2,2,409,100.0
002790,3,2,2,408,100.0
002820,3,2,2,375,100.0
002840,3,2,2,399,100.0
002870,3,2,2,326,100.0
002880,3,2,2,421,100.0
002920,3,2,2,459,100.0
003000,3,2,2,381,100.0
003030,3,2,2,372,100.0
003060,3,2,2,388,100.0
003070,3,2,2,431,100.0
003160,3,2,2,385,100.0
003220,3,2,2,411,100.0
003230,3,2,2,408,100.0
003240,3,2,2,447,100.0
003300,3,3,2,402,100.0
003310,3,2,2,405,100.0
003380,3,2,2,422,100.0
003470,3,2,2,981,100.0
003480,3,3,2,441,100.0
003490,3,2,2,525,100.0
003540,3,2,2,484,100.0
003570,3,2,2,390,100.0
003580,3,2,2,418,100.0
003620,3,2,2,445,100.0
003690,3,2,2,558,100.0
003720,3,2,2,356,100.0
003780,3,2,2,742,100.0
003920,3,2,2,378,100.0
004000,3,2,2,384,100.0
004020,3,2,2,480,100.0
004080,3,2,2,432,100.0
004090,3,2,2,411,100.0
004100,3,2,2,406,100.0
004150,3,2,2,401,100.0
004170,3,3,2,459,100.0
004270,3,3,2,379,100.0
004360,3,2,2,439,100.0
004370,3,3,2,447,100.0
004380,3,2,2,396,100.0
004430,3,2,2,366,100.0
004490,3,2,2,414,100.0
004540,3,2,2,420,100.0
004590,3,2,2,387,100.0
004650,3,2,2,369,100.0
004690,3,2,2,417,100.0
004710,3,2,2,411,100.0
004800,3,3,2,382,100.0
004830,3,2,2,503,100.0
004890,3,2,2,339,100.0
004910,3,2,2,438,100.0
004960,3,3,2,473,100.0
004970,3,3,2,456,100.0
004990,3,2,2,420,100.0
005010,3,2,2,396,100.0
005090,3,2,2,403,100.0
005250,3,2,2,480,100.0
005290,3,2,2,395,100.0
005320,3,2,2,429,100.0
005360,3,2,2,397,100.0
005380,3,3,2,522,100.0
005420,3,3,2,457,100.0
005430,3,2,2,434,100.0
005440,3,2,2,441,100.0
005490,3,2,2,417,100.0
005680,3,2,2,366,100.0
005710,3,3,2,363,100.0
005740,3,2,2,366,100.0
005810,3,2,2,663,100.0
005820,3,2,2,378,100.0
005830,3,2,2,639,100.0
005860,3,2,2,372,100.0
005930,3,3,2,441,100.0
005940,3,2,2,411,100.0
005950,3,3,2,463,100.0
005990,3,3,2,457,100.0
006060,3,2,2,416,100.0
006110,3,2,2,354,100.0
006120,3,2,2,459,100.0
006220,3,2,2,372,100.0
006260,3,2,2,516,100.0
006340,3,2,2,402,100.0
006360,3,3,2,434,100.0
006400,3,2,2,507,100.0
006490,3,2,2,363,100.0
006620,3,2,2,435,100.0
006650,3,2,2,374,100.0
006660,3,2,2,366,100.0
006730,3,2,2,456,100.0
006800,3,2,2,444,100.0
006840,3,2,2,417,100.0
006890,3,2,2,362,100.0
006920,3,2,2,321,100.0
006980,3,2,2,429,100.0
007160,3,2,2,410,100.0
007310,3,2,2,432,100.0
007390,3,2,2,346,100.0
007460,3,2,2,441,100.0
007570,3,3,2,382,100.0
007660,3,2,2,385,100.0
007690,3,2,2,393,100.0
007720,3,2,2,375,100.0
007770,3,2,2,435,100.0
007810,3,2,2,387,100.0
007980,3,2,2,420,100.0
008060,3,2,2,394,100.0
008350,3,2,2,393,100.0
008490,3,2,2,438,100.0
008560,3,2,2,378,100.0
008700,3,2,2,338,100.0
008730,3,2,2,423,100.0
008770,3,3,2,406,100.0
008930,3,2,2,405,100.0
008970,3,2,2,344,100.0
009140,3,2,2,978,100.0
009150,3,2,2,474,100.0
009160,3,2,2,462,100.0
009190,3,2,2,479,100.0
009200,3,2,2,495,100.0
009290,3,2,2,399,100.0
009300,3,2,2,405,100.0
009310,3,2,2,454,100.0
009420,3,2,2,415,100.0
009440,3,2,2,444,100.0
009470,3,2,2,393,100.0
009540,3,2,2,438,100.0
009580,3,2,2,474,100.0
009680,3,3,2,403,100.0
009900,3,2,2,393,100.0
009970,3,3,2,388,100.0
010060,3,3,2,462,100.0
010130,3,2,2,432,100.0
010140,3,3,2,537,100.0
010240,3,2,2,354,100.0
010400,3,2,2,384,100.0
010420,3,2,2,390,100.0
010600,3,2,2,346,100.0
010690,3,2,2,426,100.0
010950,3,2,2,398,100.0
010960,3,2,2,499,100.0
011000,3,2,2,384,100.0
011040,3,2,2,423,100.0
011070,3,3,2,417,100.0
011080,3,2,2,354,100.0
011170,3,2,2,477,100.0
011200,3,2,2,447,100.0
011230,3,2,2,360,100.0
011280,3,2,2,342,100.0
011370,3,2,2,445,100.0
011390,3,2,2,387,100.0
011560,3,2,2,375,100.0
011700,3,2,2,399,100.0
011760,3,3,2,495,100.0
011790,3,2,2,561,100.0
011810,3,2,2,408,100.0
012160,3,2,2,438,100.0
012340,3,2,2,338,100.0
012450,3,2,2,484,100.0
012610,3,2,2,388,100.0
012620,3,2,2,363,100.0
012700,3,2,2,481,100.0
012860,3,2,2,408,100.0
013120,3,2,2,399,100.0
013310,3,2,2,332,100.0
013360,3,2,2,421,100.0
013520,3,2,2,456,100.0
013570,3,2,2,362,100.0
013580,3,2,2,456,100.0
013700,3,2,2,426,100.0
013720,3,2,2,326,100.0
013810,3,2,2,362,100.0
014100,3,2,2,365,100.0
014130,3,2,2,417,100.0
014190,3,2,2,349,100.0
014440,3,2,2,357,100.0
014530,3,2,2,378,100.0
014620,3,2,2,342,100.0
014680,3,2,2,457,100.0
014710,3,2,2,417,100.0
014790,3,2,2,433,100.0
014820,3,2,2,441,100.0
014830,3,2,2,387,100.0
014910,3,2,2,393,100.0
014940,3,2,2,396,100.0
014950,3,2,2,372,100.0
014990,3,2,2,363,100.0
015230,3,2,2,342,100.0
015360,3,2,2,537,100.0
015590,3,2,2,408,100.0
015750,3,2,2,418,100.0
015760,3,2,2,507,100.0
016360,3,2,2,458,100.0
016580,3,2,2,391,100.0
016590,3,2,2,378,100.0
016740,3,2,2,396,100.0
016800,3,3,2,342,100.0
016920,3,2,2,384,100.0
017180,3,3,2,456,100.0
017370,3,2,2,398,100.0
017650,3,2,2,352,100.0
017670,3,3,2,600,100.0
017800,3,2,2,465,100.0
017860,3,2,2,419,100.0
017890,3,2,2,355,100.0
017900,3,2,2,408,100.0
017940,3,2,2,444,100.0
017960,3,2,2,533,100.0
018250,3,2,2,399,100.0
018260,3,2,2,423,100.0
018290,3,2,2,348,100.0
018310,3,2,2,345,100.0
018620,3,2,2,472,100.0
018670,3,2,2,459,100.0
018700,3,2,2,368,100.0
018880,3,3,2,489,100.0
019010,3,2,2,422,100.0
019170,3,2,2,393,100.0
019210,3,2,2,447,100.0
019440,3,2,2,363,100.0
019490,3,2,2,383,100.0
019540,3,2,2,462,100.0
019570,3,2,2,303,100.0
019680,3,3,2,496,100.0
019990,3,2,2,349,100.0
020120,3,2,2,381,100.0
020150,3,2,2,396,100.0
020760,3,2,2,384,100.0
021040,3,2,2,600,100.0
021050,3,2,2,420,100.0
021240,3,2,2,423,100.0
021650,3,2,2,331,100.0
021960,3,2,2,336,100.0
022220,3,2,2,342,100.0
023150,3,2,2,326,100.0
023350,3,3,2,435,100.0
023410,3,2,2,489,100.0
023440,3,2,2,352,100.0
023460,3,2,2,360,100.0
023530,3,2,2,486,100.0
023590,3,2,2,451,100.0
023760,3,2,2,352,100.0
023800,3,2,2,408,100.0
023810,3,3,2,411,100.0
023960,3,2,2,423,100.0
024070,3,2,2,405,100.0
024120,3,3,2,370,100.0
024720,3,2,2,453,100.0
024740,3,3,2,381,100.0
024800,3,2,2,390,100.0
024810,3,2,2,405,100.0
024840,3,2,2,400,100.0
024850,3,2,2,340,100.0
024880,3,3,2,492,100.0
024890,3,2,2,454,100.0
024910,3,2,2,408,100.0
024940,3,2,2,267,100.0
024950,3,2,2,421,100.0
025440,3,2,2,414,100.0
025530,3,3,2,975,100.0
025540,3,2,2,374,100.0
025550,3,2,2,368,100.0
025750,3,2,2,427,100.0
025860,3,2,2,390,100.0
025880,3,2,2,375,100.0
025980,3,2,2,363,100.0
026150,3,2,2,446,100.0
026890,3,2,2,482,100.0
027050,3,2,2,422,100.0
027360,3,2,2,354,100.0
027580,3,2,2,393,100.0
027740,3,2,2,366,100.0
027970,3,2,2,375,100.0
028080,3,2,2,401,100.0
028260,3,2,2,378,100.0
029480,3,2,2,395,100.0
029530,3,2,2,378,100.0
029780,3,2,2,429,100.0
030190,3,2,2,411,100.0
030200,3,3,2,423,100.0
030210,3,2,2,375,100.0
030350,3,2,2,330,100.0
030520,3,2,2,423,100.0
031210,3,2,2,585,100.0
031310,3,2,2,429,100.0
031330,3,3,2,370,100.0
031430,3,2,2,466,100.0
031440,3,2,2,408,100.0
031510,3,2,2,391,100.0
031820,3,2,2,414,100.0
031980,3,2,2,378,100.0
032040,3,2,2,324,100.0
032190,3,2,2,465,100.0
032350,3,2,2,498,100.0
032500,3,2,2,408,100.0
032540,3,2,2,394,100.0
032560,3,2,2,367,100.0
032620,3,2,2,465,100.0
032680,3,2,2,332,100.0
032790,3,2,2,423,100.0
032830,3,2,2,586,100.0
032850,3,2,2,366,100.0
032940,3,2,2,344,100.0
033050,3,2,2,305,100.0
033170,3,2,2,384,100.0
033240,3,2,2,384,100.0
033250,3,2,2,352,100.0
033310,3,2,2,419,100.0
033320,3,2,2,465,100.0
033340,3,2,2,381,100.0
033540,3,2,2,431,100.0
033560,3,2,2,350,100.0
033640,3,2,2,426,100.0
033780,3,2,2,555,100.0
033830,3,2,2,372,100.0
033920,3,2,2,361,100.0
034020,3,3,2,567,100.0
034220,3,2,2,417,100.0
034230,3,2,2,528,100.0
034300,3,2,2,444,100.0
034730,3,2,2,429,100.0
034810,3,2,2,378,100.0
034950,3,2,2,335,100.0
035000,3,3,2,339,100.0
035080,3,2,2,429,100.0
035150,3,2,2,384,100.0
035200,3,2,2,761,100.0
035250,3,2,2,409,100.0
035420,3,2,2,441,100.0
035460,3,2,2,316,100.0
035600,3,2,2,450,100.0
035720,3,2,2,504,100.0
035760,3,2,2,444,100.0
035810,3,2,2,446,100.0
035900,3,2,2,371,100.0
036010,3,2,2,360,100.0
036090,3,2,2,387,100.0
036120,3,2,2,417,100.0
036190,3,2,2,417,100.0
036200,3,2,2,336,100.0
036220,3,2,2,408,100.0
036420,3,2,2,450,100.0
036530,3,2,2,328,100.0
036580,3,2,2,413,100.0
036630,3,2,2,405,100.0
036640,3,2,2,342,100.0
036690,3,2,2,378,100.0
036710,3,2,2,358,100.0
036830,3,2,2,426,100.0
036890,3,2,2,447,100.0
037350,3,2,2,420,100.0
037370,3,2,2,451,100.0
037400,3,3,2,368,100.0
037440,3,2,2,372,100.0
037560,3,3,2,426,100.0
037950,3,3,2,372,100.0
038010,3,2,2,408,100.0
038060,3,2,2,320,100.0
038070,3,2,2,388,100.0
038110,3,2,2,388,100.0
038460,3,2,2,403,100.0
038500,3,2,2,429,100.0
038620,3,2,2,340,100.0
038680,3,2,2,465,100.0
038880,3,2,2,447,100.0
038950,3,2,2,361,100.0
039010,3,2,2,350,100.0
039020,3,2,2,417,100.0
039130,3,2,2,447,100.0
039200,3,2,2,344,100.0
039340,3,2,2,348,100.0
039420,3,2,2,955,100.0
039560,3,2,2,477,100.0
039610,3,2,2,348,100.0
039740,3,2,2,339,100.0
039840,3,2,2,384,100.0
039860,3,2,2,316,100.0
040160,3,2,2,393,100.0
040350,3,2,2,800,100.0
040420,3,2,2,398,100.0
040610,3,2,2,372,100.0
040910,3,2,2,381,100.0
041020,3,2,2,387,100.0
041510,3,2,2,462,100.0
041520,3,2,2,1182,100.0
041590,3,2,2,337,100.0
041650,3,2,2,372,100.0
041830,3,2,2,342,100.0
041920,3,3,2,372,100.0
041930,3,2,2,330,100.0
041960,3,2,2,345,100.0
042000,3,2,2,378,100.0
042040,3,2,2,367,100.0
042420,3,2,2,384,100.0
042500,3,2,2,345,100.0
042600,3,2,2,418,100.0
042660,3,3,2,445,100.0
042940,3,2,2,351,100.0
043150,3,2,2,459,100.0
043200,3,2,2,337,100.0
043370,3,3,2,426,100.0
043610,3,3,2,354,100.0
043650,3,2,2,360,100.0
044180,3,2,2,447,100.0
044340,3,2,2,342,100.0
044450,3,2,2,885,100.0
044780,3,2,2,329,100.0
044820,3,2,2,354,100.0
045100,3,2,2,368,100.0
045300,3,2,2,363,100.0
045510,3,2,2,390,100.0
045520,3,2,2,390,100.0
045660,3,2,2,407,100.0
045970,3,2,2,443,100.0
046070,3,2,2,375,100.0
046120,3,2,2,400,100.0
046390,3,2,2,330,100.0
046440,3,2,2,414,100.0
046970,3,2,2,318,100.0
047040,3,3,2,522,100.0
047050,3,2,2,438,100.0
047080,3,2,2,361,100.0
047400,3,2,2,312,100.0
047770,3,2,2,299,100.0
047810,3,2,2,404,100.0
047820,3,2,2,414,100.0
048260,3,3,2,452,100.0
048410,3,2,2,339,100.0
048430,3,2,2,348,100.0
048530,3,2,2,360,100.0
048770,3,2,2,684,100.0
048830,3,2,2,321,100.0
049070,3,2,2,441,100.0
049080,3,2,2,328,100.0
049120,3,2,2,417,100.0
049430,3,2,2,372,100.0
049480,3,2,2,378,100.0
049550,3,2,2,690,100.0
049770,3,2,2,376,100.0
049950,3,2,2,387,100.0
049960,3,2,2,317,100.0
050110,3,2,2,381,100.0
050120,3,2,2,292,100.0
050760,3,3,2,366,100.0
050890,3,2,2,414,100.0
051160,3,2,2,330,100.0
051390,3,2,2,316,100.0
051500,3,2,2,384,100.0
051780,3,2,2,408,100.0
051900,3,3,2,420,100.0
051980,3,2,2,448,100.0
052190,3,2,2,264,100.0
052260,3,2,2,327,100.0
052300,3,2,2,388,100.0
052330,3,2,2,392,100.0
052400,3,3,2,381,100.0
052420,3,2,2,402,100.0
052460,3,2,2,345,100.0
052690,3,2,2,423,100.0
052790,3,2,2,462,100.0
053030,3,2,2,372,100.0
053060,3,2,2,350,100.0
053160,3,2,2,318,100.0
053210,3,3,2,396,100.0
053260,3,2,2,336,100.0
053300,3,2,2,543,100.0
053450,3,2,2,492,100.0
053610,3,2,2,357,100.0
053620,3,2,2,366,100.0
053700,3,2,2,489,100.0
053800,3,2,2,339,100.0
054050,3,3,2,393,100.0
054180,3,2,2,376,100.0
054220,3,2,2,332,100.0
054340,3,2,2,272,100.0
054450,3,2,2,432,100.0
054540,3,2,2,410,100.0
054620,3,2,2,477,100.0
054630,3,2,2,282,100.0
054800,3,2,2,393,100.0
054920,3,2,2,495,100.0
054950,3,3,2,423,100.0
055490,3,2,2,390,100.0
055550,3,2,2,411,100.0
056090,3,3,2,417,100.0
056190,3,3,2,450,100.0
056360,3,2,2,325,100.0
056700,3,2,2,330,100.0
057540,3,2,2,345,100.0
057680,3,2,2,420,100.0
058430,3,2,2,351,100.0
058450,3,2,2,351,100.0
058530,3,2,2,484,100.0
058610,3,2,2,384,100.0
058630,3,2,2,363,100.0
058650,3,2,2,405,100.0
058730,3,2,2,606,100.0
058820,3,2,2,381,100.0
058850,3,2,2,357,100.0
058970,3,2,2,365,100.0
059210,3,2,2,364,100.0
060000,3,2,2,399,100.0
060150,3,2,2,369,100.0
060230,3,2,2,400,100.0
060240,3,2,2,296,100.0
060250,3,2,2,357,100.0
060280,3,2,2,313,100.0
060370,3,2,2,358,100.0
060540,3,3,2,611,100.0
060570,3,2,2,363,100.0
060590,3,2,2,384,100.0
060720,3,2,2,399,100.0
060850,3,2,2,382,100.0
060900,3,2,2,399,100.0
060980,3,2,2,489,100.0
061040,3,2,2,425,100.0
061090,3,2,2,336,100.0
062040,3,2,2,502,100.0
063080,3,2,2,383,100.0
063170,3,2,2,477,100.0
063440,3,2,2,387,100.0
063760,3,2,2,355,100.0
064240,3,2,2,453,100.0
064260,3,3,2,477,100.0
064290,3,2,2,405,100.0
064350,3,2,2,420,100.0
064400,3,3,2,444,100.0
064520,3,2,2,384,100.0
064550,3,2,2,405,100.0
064820,3,2,2,411,100.0
064850,3,2,2,429,100.0
064960,3,2,2,375,100.0
065060,3,2,2,381,100.0
065130,3,2,2,351,100.0
065170,3,2,2,382,100.0
065350,3,3,2,471,100.0
065370,3,2,2,327,100.0
065440,3,2,2,336,100.0
065450,3,3,2,408,100.0
065530,3,2,2,345,100.0
065560,3,2,2,350,100.0
065680,3,2,2,374,100.0
065690,3,2,2,346,100.0
065770,3,2,2,393,100.0
065950,3,2,2,411,100.0
066360,3,2,2,350,100.0
066410,3,2,2,349,100.0
066570,3,3,2,552,100.0
066590,3,2,2,375,100.0
066620,3,2,2,393,100.0
066670,3,2,2,325,100.0
066700,3,2,2,426,100.0
066910,3,2,2,326,100.0
066970,3,2,2,396,100.0
066980,3,2,2,435,100.0
067000,3,2,2,407,100.0
067080,3,2,2,358,100.0
067160,3,2,2,369,100.0
067170,3,2,2,406,100.0
067280,3,3,2,393,100.0
067290,3,2,2,399,100.0
067310,3,2,2,462,100.0
067570,3,2,2,488,100.0
067630,3,2,2,447,100.0
067770,3,2,2,396,100.0
067900,3,2,2,357,100.0
067920,3,2,2,366,100.0
067990,3,2,2,382,100.0
068100,3,2,2,333,100.0
068240,3,2,2,390,100.0
068420,3,2,2,314,100.0
068790,3,2,2,408,100.0
068930,3,2,2,363,100.0
069140,3,2,2,444,100.0
069260,3,2,2,405,100.0
069330,3,2,2,378,100.0
069410,3,2,2,312,100.0
069460,3,2,2,413,100.0
069540,3,2,2,341,100.0
069620,3,2,2,432,100.0
069640,3,2,2,447,100.0
069730,3,2,2,426,100.0
071050,3,2,2,360,100.0
071090,3,2,2,378,100.0
071200,3,2,2,402,100.0
071280,3,2,2,318,100.0
071850,3,2,2,420,100.0
071950,3,2,2,450,100.0
071970,3,2,2,381,100.0
072470,3,2,2,341,100.0
072710,3,2,2,366,100.0
072950,3,2,2,375,100.0
072990,3,2,2,319,100.0
073010,3,2,2,324,100.0
073240,3,2,2,429,100.0
073490,3,2,2,373,100.0
073640,3,2,2,362,100.0
074430,3,2,2,315,100.0
074610,3,2,2,382,100.0
075130,3,3,2,348,100.0
075970,3,2,2,410,100.0
077360,3,2,2,413,100.0
077500,3,2,2,447,100.0
077970,3,2,2,432,100.0
078020,3,2,2,327,100.0
078070,3,2,2,318,100.0
078130,3,2,2,419,100.0
078140,3,2,2,309,100.0
078150,3,2,2,411,100.0
078350,3,2,2,339,100.0
078890,3,2,2,372,100.0
078930,3,3,2,444,100.0
079190,3,2,2,400,100.0
079370,3,2,2,402,100.0
079550,3,2,2,383,100.0
079650,3,2,2,305,100.0
079900,3,2,2,393,100.0
079950,3,2,2,468,100.0
079960,3,2,2,349,100.0
079970,3,2,2,355,100.0
079980,3,2,2,407,100.0
080160,3,2,2,495,100.0
080220,3,2,2,372,100.0
080520,3,2,2,361,100.0
080530,3,2,2,335,100.0
080720,3,2,2,381,100.0
081660,3,2,2,414,100.0
082210,3,2,2,391,100.0
082270,3,2,2,373,100.0
082640,3,2,2,561,100.0
082800,3,2,2,432,100.0
082920,3,2,2,351,100.0
083310,3,2,2,421,100.0
083500,3,2,2,402,100.0
083550,3,2,2,361,100.0
083660,3,2,2,390,100.0
083790,3,2,2,447,100.0
084010,3,2,2,435,100.0
084180,3,2,2,376,100.0
084370,3,3,2,363,100.0
084650,3,2,2,334,100.0
084670,3,3,2,411,100.0
084690,3,2,2,414,100.0
084730,3,2,2,399,100.0
084850,3,2,2,400,100.0
084870,3,2,2,349,100.0
085620,3,2,2,623,100.0
085660,3,2,2,530,100.0
085670,3,2,2,327,100.0
085810,3,2,2,423,100.0
086060,3,2,2,354,100.0
086280,3,3,2,415,100.0
086390,3,2,2,399,100.0
086670,3,2,2,341,100.0
086710,3,2,2,328,100.0
086900,3,2,2,403,100.0
086960,3,2,2,367,100.0
087260,3,2,2,658,100.0
088290,3,2,2,369,100.0
088340,3,2,2,328,100.0
088350,3,2,2,576,100.0
088910,3,2,2,380,100.0
089010,3,2,2,416,100.0
089030,3,2,2,402,100.0
089230,3,2,2,384,100.0
089470,3,3,2,483,100.0
089850,3,2,2,438,100.0
089860,3,3,2,459,100.0
089890,3,2,2,359,100.0
089980,3,2,2,411,100.0
090080,3,2,2,387,100.0
090150,3,2,2,462,100.0
090350,3,2,2,404,100.0
090360,3,2,2,306,100.0
090370,3,2,2,505,100.0
090410,3,2,2,729,100.0
090430,3,2,2,423,100.0
090460,3,2,2,426,100.0
090710,3,2,2,399,100.0
090850,3,2,2,332,100.0
091440,3,2,2,456,100.0
091580,3,2,2,352,100.0
091700,3,3,2,450,100.0
091810,3,2,2,354,100.0
091970,3,2,2,402,100.0
092040,3,2,2,417,100.0
092130,3,2,2,279,100.0
092190,3,2,2,343,100.0
092200,3,2,2,418,100.0
092230,3,2,2,498,100.0
092300,3,2,2,351,100.0
092600,3,2,2,389,100.0
092730,3,2,2,351,100.0
092780,3,2,2,399,100.0
092790,3,2,2,399,100.0
092870,3,2,2,366,100.0
093370,3,2,2,423,100.0
093520,3,2,2,378,100.0
094360,3,2,2,336,100.0
094840,3,2,2,414,100.0
094940,3,2,2,366,100.0
094970,3,2,2,303,100.0
095500,3,2,2,417,100.0
095570,3,2,2,468,100.0
095610,3,2,2,447,100.0
095720,3,2,2,378,100.0
095910,3,2,2,456,100.0
096040,3,2,2,432,100.0
096240,3,2,2,448,100.0
096250,3,2,2,310,100.0
096530,3,2,2,456,100.0
096610,3,2,2,349,100.0
096630,3,2,2,380,100.0
096760,3,2,2,535,100.0
096770,3,2,2,576,100.0
097230,3,3,2,519,100.0
097780,3,2,2,402,100.0
098120,3,2,2,354,100.0
098660,3,2,2,333,100.0
099190,3,3,2,462,100.0
099220,3,2,2,405,100.0
099320,3,2,2,341,100.0
099430,3,2,2,417,100.0
100030,3,2,2,320,100.0
100090,3,2,2,399,100.0
100130,3,3,2,576,100.0
100250,3,2,2,459,100.0
100590,3,2,2,364,100.0
100840,3,2,2,366,100.0
101000,3,2,2,357,100.0
101160,3,2,2,363,100.0
101330,3,2,2,357,100.0
101360,3,2,2,553,100.0
101400,3,2,2,375,100.0
101490,3,2,2,468,100.0
101670,3,2,2,378,100.0
101930,3,2,2,379,100.0
102210,3,2,2,354,100.0
102260,3,2,2,504,100.0
102280,3,2,2,360,100.0
102710,3,2,2,423,100.0
102940,3,2,2,437,100.0
102950,3,2,2,380,100.0
103140,3,2,2,723,100.0
103160,3,2,2,414,100.0
104040,3,2,2,362,100.0
104540,3,2,2,438,100.0
104620,3,2,2,315,100.0
104830,3,2,2,402,100.0
105330,3,2,2,357,100.0
105550,3,2,2,345,100.0
105630,3,2,2,417,100.0
105740,3,2,2,339,100.0
105760,3,2,2,378,100.0
105840,3,2,2,360,100.0
106080,3,2,2,336,100.0
106240,3,3,2,396,100.0
107640,3,2,2,366,100.0
108230,3,2,2,456,100.0
108320,3,3,2,360,100.0
108380,3,2,2,342,100.0
108670,3,3,2,465,100.0
108860,3,3,2,411,100.0
109740,3,2,2,369,100.0
110790,3,2,2,429,100.0
111110,3,3,2,375,100.0
111380,3,2,2,384,100.0
112040,3,2,2,417,100.0
112240,3,2,2,286,100.0
113810,3,2,2,365,100.0
114090,3,2,2,300,100.0
114630,3,2,2,364,100.0
114810,3,2,2,396,100.0
114840,3,2,2,401,100.0
115160,3,2,2,479,100.0
115180,3,2,2,317,100.0
115450,3,2,2,388,100.0
115480,3,2,2,358,100.0
115570,3,2,2,324,100.0
118990,3,2,2,457,100.0
119650,3,2,2,435,100.0
119850,3,2,2,441,100.0
120110,3,2,2,475,100.0
121800,3,2,2,375,100.0
121850,3,2,2,305,100.0
122350,3,2,2,438,100.0
122450,3,2,2,420,100.0
122870,3,2,2,420,100.0
122900,3,2,2,420,100.0
122990,3,2,2,387,100.0
123330,3,2,2,303,100.0
123410,3,2,2,384,100.0
123420,3,2,2,371,100.0
123690,3,2,2,357,100.0
123700,3,2,2,411,100.0
123750,3,2,2,303,100.0
123840,3,2,2,405,100.0
123890,3,2,2,321,100.0
124500,3,2,2,402,100.0
124560,3,2,2,405,100.0
125490,3,2,2,360,100.0
126340,3,2,2,347,100.0
126600,3,2,2,384,100.0
126700,3,2,2,360,100.0
126720,3,2,2,401,100.0
126730,3,2,2,316,100.0
126880,3,2,2,434,100.0
127980,3,2,2,383,100.0
128540,3,2,2,347,100.0
128820,3,2,2,411,100.0
129920,3,2,2,400,100.0
130500,3,2,2,399,100.0
130660,3,3,2,337,100.0
131220,3,2,2,341,100.0
131370,3,2,2,413,100.0
131760,3,2,2,401,100.0
133820,3,2,2,340,100.0
134580,3,2,2,295,100.0
136490,3,2,2,405,100.0
136540,3,2,2,372,100.0
137080,3,2,2,355,100.0
137310,3,2,2,436,100.0
137950,3,2,2,396,100.0
138070,3,2,2,354,100.0
138080,3,2,2,360,100.0
139050,3,2,2,356,100.0
139130,3,2,2,393,100.0
139480,3,3,2,470,100.0
139990,3,2,2,453,100.0
140070,3,2,2,420,100.0
140410,3,2,2,335,100.0
140860,3,2,2,359,100.0
141000,3,2,2,402,100.0
142280,3,2,2,363,100.0
142760,3,2,2,346,100.0
143210,3,2,2,444,100.0
143240,3,2,2,366,100.0
143540,3,2,2,399,100.0
144510,3,2,2,369,100.0
144960,3,2,2,373,100.0
145020,3,2,2,378,100.0
145170,3,2,2,372,100.0
145210,3,2,2,387,100.0
145720,3,2,2,402,100.0
145990,3,2,2,435,100.0
146060,3,2,2,352,100.0
148150,3,2,2,365,100.0
149980,3,2,2,333,100.0
150840,3,2,2,393,100.0
151860,3,2,2,543,100.0
154030,3,2,2,336,100.0
155660,3,3,2,387,100.0
156100,3,2,2,385,100.0
158430,3,3,2,395,100.0
159010,3,2,2,360,100.0
160190,3,2,2,381,100.0
160550,3,2,2,370,100.0
160600,3,2,2,310,100.0
161000,3,2,2,418,100.0
161390,3,2,2,408,100.0
162300,3,2,2,396,100.0
163560,3,2,2,345,100.0
166480,3,2,2,414,100.0
168330,3,2,2,333,100.0
168360,3,2,2,374,100.0
170030,3,2,2,367,100.0
170790,3,2,2,355,100.0
170900,3,2,2,402,100.0
171090,3,2,2,341,100.0
171120,3,2,2,318,100.0
173130,3,2,2,417,100.0
173940,3,2,2,413,100.0
175140,3,2,2,406,100.0
175250,3,2,2,414,100.0
175330,3,2,2,336,100.0
176750,3,2,2,342,100.0
177350,3,2,2,403,100.0
178320,3,2,2,408,100.0
178780,3,2,2,384,100.0
179900,3,2,2,370,100.0
180400,3,2,2,403,100.0
180640,3,2,2,447,100.0
181710,3,2,2,403,100.0
182400,3,2,2,285,100.0
183190,3,2,2,372,100.0
183300,3,2,2,403,100.0
183490,3,2,2,378,100.0
184230,3,2,2,415,100.0
186230,3,2,2,429,100.0
187790,3,2,2,363,100.0
189300,3,2,2,384,100.0
189980,3,2,2,410,100.0
191410,3,2,2,395,100.0
191420,3,2,2,360,100.0
192080,3,2,2,360,100.0
192390,3,2,2,376,100.0
192400,3,2,2,429,100.0
192410,3,2,2,316,100.0
192440,3,2,2,432,100.0
192820,3,2,2,365,100.0
194370,3,2,2,372,100.0
194480,3,2,2,367,100.0
194700,3,2,2,363,100.0
195870,3,2,2,327,100.0
196170,3,2,2,403,100.0
196700,3,2,2,357,100.0
198940,3,2,2,407,100.0
199430,3,2,2,319,100.0
199800,3,2,2,303,100.0
200230,3,2,2,334,100.0
200350,3,2,2,387,100.0
200780,3,2,2,281,100.0
203450,3,2,2,339,100.0
203650,3,2,2,432,100.0
204270,3,2,2,399,100.0
204320,3,2,2,474,100.0
204610,3,2,2,350,100.0
205100,3,2,2,365,100.0
205470,3,2,2,376,100.0
205500,3,2,2,325,100.0
206560,3,2,2,331,100.0
206640,3,2,2,363,100.0
207760,3,2,2,341,100.0
207940,3,2,2,423,100.0
208140,3,2,2,354,100.0
208350,3,2,2,383,100.0
208370,3,2,2,390,100.0
208710,3,2,2,369,100.0
208860,3,2,2,402,100.0
210980,3,2,2,549,100.0
211050,3,2,2,348,100.0
213420,3,2,2,390,100.0
213500,3,2,2,420,100.0
214150,3,2,2,368,100.0
214180,3,2,2,396,100.0
214270,3,2,2,365,100.0
214320,3,2,2,351,100.0
214330,3,2,2,381,100.0
214370,3,2,2,346,100.0
214420,3,2,2,382,100.0
214680,3,2,2,452,100.0
215090,3,2,2,330,100.0
215100,3,2,2,417,100.0
215200,3,2,2,405,100.0
215360,3,2,2,384,100.0
215480,3,2,2,375,100.0
215600,3,2,2,312,100.0
216080,3,2,2,389,100.0
217190,3,2,2,351,100.0
217480,3,2,2,351,100.0
217500,3,2,2,309,100.0
217590,3,3,2,443,100.0
217820,3,2,2,405,100.0
218150,3,2,2,336,100.0
218410,3,2,2,414,100.0
219420,3,2,2,342,100.0
219550,3,2,2,384,100.0
220100,3,2,2,306,100.0
220180,3,2,2,363,100.0
221840,3,2,2,381,100.0
221980,3,2,2,340,100.0
222040,3,2,2,366,100.0
222160,3,2,2,277,100.0
223250,3,2,2,355,100.0
223310,3,2,2,355,100.0
225190,3,2,2,315,100.0
225220,3,2,2,366,100.0
225570,3,2,2,294,100.0
225590,3,2,2,345,100.0
226320,3,2,2,426,100.0
226400,3,2,2,366,100.0
226590,3,2,2,331,100.0
226950,3,2,2,399,100.0
227610,3,2,2,337,100.0
227840,3,3,2,397,100.0
227950,3,2,2,362,100.0
228760,3,2,2,408,100.0
228850,3,2,2,427,100.0
229640,3,2,2,381,100.0
230360,3,2,2,345,100.0
230980,3,2,2,413,100.0
232680,3,2,2,326,100.0
232830,3,2,2,295,100.0
234030,3,2,2,387,100.0
234080,3,2,2,403,100.0
234100,3,2,2,371,100.0
234340,3,2,2,403,100.0
234690,3,2,2,297,100.0
235980,3,2,2,318,100.0
236200,3,2,2,369,100.0
236810,3,2,2,347,100.0
237690,3,2,2,375,100.0
237820,3,2,2,399,100.0
237880,3,2,2,375,100.0
238090,3,2,2,432,100.0
238200,3,2,2,372,100.0
239610,3,2,2,279,100.0
240550,3,2,2,352,100.0
240600,3,2,2,345,100.0
241520,3,2,2,381,100.0
241690,3,2,2,425,100.0
241790,3,2,2,319,100.0
243070,3,2,2,401,100.0
243840,3,2,2,363,100.0
246690,3,2,2,356,100.0
246960,3,2,2,444,100.0
247540,3,2,2,376,100.0
248070,3,2,2,390,100.0
249420,3,2,2,375,100.0
250000,3,2,2,291,100.0
250930,3,2,2,345,100.0
251270,3,2,2,444,100.0
251630,3,2,2,373,100.0
251970,3,2,2,369,100.0
253450,3,2,2,399,100.0
253590,3,2,2,358,100.0
253840,3,2,2,363,100.0
255220,3,2,2,421,100.0
256630,3,2,2,384,100.0
256840,3,2,2,456,100.0
257720,3,2,2,390,100.0
257990,3,2,2,352,100.0
258610,3,2,2,386,100.0
258830,3,2,2,359,100.0
259630,3,2,2,377,100.0
259960,3,2,2,381,100.0
261200,3,2,2,414,100.0
262840,3,2,2,405,100.0
263020,3,2,2,340,100.0
263600,3,2,2,397,100.0
263690,3,2,2,402,100.0
263700,3,2,2,321,100.0
263920,3,2,2,357,100.0
264450,3,2,2,330,100.0
264850,3,2,2,333,100.0
265520,3,2,2,451,100.0
265560,3,2,2,325,100.0
266350,3,2,2,244,100.0
267250,3,2,2,438,100.0
267790,3,2,2,354,100.0
267980,3,3,2,501,100.0
268280,3,2,2,1001,100.0
269620,3,2,2,378,100.0
270660,3,2,2,307,100.0
270870,3,2,2,366,100.0
271560,3,2,2,414,100.0
271940,3,2,2,336,100.0
271980,3,2,2,378,100.0
272110,3,2,2,429,100.0
272210,3,2,2,399,100.0
272290,3,2,2,417,100.0
273060,3,2,2,399,100.0
274090,3,2,2,357,100.0
275630,3,2,2,354,100.0
276730,3,2,2,335,100.0
277070,3,2,2,335,100.0
277410,3,2,2,329,100.0
278280,3,2,2,370,100.0
278470,3,2,2,396,100.0
278650,3,2,2,368,100.0
278990,3,2,2,384,100.0
280360,3,2,2,459,100.0
281820,3,2,2,348,100.0
282330,3,2,2,408,100.0
282720,3,2,2,411,100.0
282880,3,2,2,392,100.0
284740,3,2,2,336,100.0
285130,3,2,2,438,100.0
285490,3,2,2,347,100.0
285800,3,2,2,351,100.0
286750,3,2,2,315,100.0
286940,3,2,2,429,100.0
288620,3,2,2,348,100.0
288980,3,2,2,339,100.0
289220,3,2,2,320,100.0
290120,3,2,2,453,100.0
290270,3,2,2,365,100.0
290520,3,2,2,330,100.0
290650,3,2,2,477,100.0
290660,3,2,2,382,100.0
290720,3,2,2,371,100.0
290740,3,2,2,318,100.0
293490,3,2,2,447,100.0
293580,3,2,2,290,100.0
293780,3,2,2,376,100.0
294090,3,2,2,352,100.0
296640,3,2,2,350,100.0
297890,3,2,2,366,100.0
298000,3,3,2,402,100.0
298040,3,3,2,415,100.0
298050,3,3,2,391,100.0
298060,3,2,2,402,100.0
298830,3,2,2,357,100.0
299030,3,2,2,382,100.0
299900,3,2,2,366,100.0
300080,3,2,2,333,100.0
300720,3,3,2,426,100.0
302430,3,2,2,339,100.0
302550,3,2,2,352,100.0
303530,3,2,2,357,100.0
304100,3,2,2,426,100.0
304360,3,2,2,332,100.0
304840,3,2,2,372,100.0
307180,3,2,2,388,100.0
307280,3,2,2,363,100.0
307750,3,2,2,378,100.0
307950,3,2,2,398,100.0
308170,3,2,2,375,100.0
309710,3,2,2,343,100.0
309930,3,2,2,410,100.0
309960,3,2,2,297,100.0
310210,3,2,2,375,100.0
310870,3,2,2,334,100.0
311320,3,2,2,327,100.0
311690,3,2,2,317,100.0
313760,3,2,2,337,100.0
314130,3,2,2,357,100.0
314930,3,2,2,303,100.0
317240,3,2,2,353,100.0
317330,3,2,2,355,100.0
317450,3,2,2,375,100.0
317690,3,2,2,363,100.0
317770,3,2,2,435,100.0
317830,3,2,2,370,100.0
317870,3,2,2,379,100.0
318000,3,2,2,369,100.0
318010,3,2,2,321,100.0
318060,3,2,2,375,100.0
318160,3,2,2,342,100.0
318410,3,2,2,352,100.0
320000,3,2,2,331,100.0
321260,3,2,2,358,100.0
321820,3,2,2,390,100.0
322000,3,2,2,348,100.0
322180,3,2,2,407,100.0
322780,3,2,2,373,100.0
323280,3,2,2,283,100.0
327260,3,2,2,349,100.0
328380,3,2,2,328,100.0
329180,3,2,2,450,100.0
331520,3,2,2,303,100.0
331740,3,2,2,355,100.0
331920,3,2,2,318,100.0
332370,3,2,2,309,100.0
332570,3,2,2,417,100.0
335810,3,2,2,381,100.0
336260,3,2,2,444,100.0
336570,3,2,2,358,100.0
336680,3,2,2,431,100.0
337930,3,2,2,438,100.0
338220,3,2,2,351,100.0
339950,3,2,2,361,100.0
340360,3,2,2,289,100.0
340570,3,2,2,406,100.0
340930,3,2,2,395,100.0
342870,3,2,2,345,100.0
347700,3,2,2,276,100.0
347740,3,2,2,281,100.0
347770,3,2,2,324,100.0
347890,3,2,2,392,100.0
348210,3,2,2,478,100.0
348340,3,2,2,372,100.0
348370,3,2,2,441,100.0
351320,3,2,2,405,100.0
351330,3,2,2,347,100.0
351870,3,2,2,318,100.0
352090,3,2,2,296,100.0
352480,3,2,2,381,100.0
352700,3,2,2,363,100.0
353190,3,2,2,414,100.0
354200,3,2,2,408,100.0
354320,3,2,2,417,100.0
355690,3,2,2,351,100.0
357230,3,2,2,388,100.0
357550,3,2,2,327,100.0
357880,3,2,2,248,100.0
360350,3,2,2,346,100.0
361610,3,2,2,477,100.0
362320,3,2,2,388,100.0
362990,3,2,2,393,100.0
363250,3,2,2,381,100.0
364950,3,2,2,335,100.0
365900,3,2,2,347,100.0
366030,3,2,2,311,100.0
368600,3,2,2,378,100.0
368770,3,2,2,339,100.0
368970,3,2,2,450,100.0
369370,3,2,2,419,100.0
371950,3,2,2,307,100.0
372800,3,2,2,344,100.0
372910,3,2,2,352,100.0
373110,3,2,2,411,100.0
373160,3,2,2,348,100.0
373200,3,2,2,351,100.0
373220,3,3,2,411,100.0
375500,3,3,2,504,100.0
376300,3,2,2,332,100.0
376900,3,2,2,350,100.0
376980,3,2,2,348,100.0
377030,3,2,2,322,100.0
377220,3,2,2,426,100.0
377480,3,2,2,332,100.0
378340,3,2,2,369,100.0
378850,3,2,2,378,100.0
380540,3,2,2,393,100.0
380550,3,2,2,297,100.0
381620,3,2,2,417,100.0
382480,3,2,2,303,100.0
382800,3,2,2,359,100.0
382840,3,2,2,366,100.0
383310,3,2,2,357,100.0
388050,3,2,2,327,100.0
388210,3,2,2,339,100.0
388870,3,2,2,238,100.0
389140,3,2,2,333,100.0
389260,3,2,2,428,100.0
393210,3,2,2,329,100.0
393890,3,2,2,373,100.0
393970,3,2,2,393,100.0
394800,3,2,2,315,100.0
396470,3,2,2,270,100.0
397810,3,2,2,321,100.0
402340,3,3,2,528,100.0
402490,3,2,2,445,100.0
403490,3,2,2,327,100.0
403550,3,2,2,393,100.0
405000,3,2,2,377,100.0
406820,3,2,2,369,100.0
407400,3,2,2,344,100.0
408900,3,2,2,299,100.0
408920,3,2,2,336,100.0
411080,3,2,2,267,100.0
412350,3,2,2,338,100.0
412540,3,2,2,381,100.0
413390,3,2,2,345,100.0
413640,3,2,2,336,100.0
416180,3,2,2,381,100.0
417010,3,2,2,371,100.0
417200,3,2,2,384,100.0
417500,3,2,2,347,100.0
417970,3,2,2,330,100.0
418550,3,2,2,318,100.0
418620,3,2,2,363,100.0
419120,3,2,2,322,100.0
419530,3,2,2,332,100.0
420570,3,2,2,306,100.0
420770,3,3,2,387,100.0
424960,3,2,2,324,100.0
425040,3,2,2,427,100.0
430690,3,2,2,334,100.0
431190,3,2,2,378,100.0
432470,3,2,2,402,100.0
434480,3,2,2,371,100.0
437730,3,2,2,402,100.0
438700,3,2,2,374,100.0
439090,3,2,2,291,100.0
439260,3,3,2,367,100.0
439580,3,2,2,339,100.0
440110,3,2,2,365,100.0
443250,3,2,2,366,100.0
443670,3,2,2,303,100.0
445680,3,2,2,311,100.0
448280,3,2,2,321,100.0
448900,3,2,2,351,100.0
450330,3,2,2,338,100.0
450520,3,2,2,357,100.0
450950,3,2,2,314,100.0
451220,3,2,2,377,100.0
451250,3,2,2,335,100.0
451760,3,2,2,383,100.0
452160,3,2,2,351,100.0
452260,3,2,2,389,100.0
452400,3,2,2,356,100.0
452450,3,2,2,368,100.0
453340,3,2,2,380,100.0
453450,3,2,2,382,100.0
454910,3,2,2,381,100.0
455180,3,2,2,291,100.0
456010,3,2,2,399,100.0
456040,3,3,2,401,100.0
457190,3,3,2,381,100.0
457600,3,2,2,316,100.0
458350,3,2,2,358,100.0
459100,3,2,2,318,100.0
459550,3,2,2,336,100.0
460850,3,3,2,414,100.0
460930,3,2,2,330,100.0
462310,3,2,2,321,100.0
462520,3,3,2,399,100.0
462860,3,2,2,332,100.0
462870,3,2,2,372,100.0
462980,3,2,2,288,100.0
463480,3,2,2,326,100.0
464490,3,2,2,321,100.0
464500,3,2,2,330,100.0
465480,3,2,2,366,100.0
471820,3,2,2,293,100.0
472850,3,3,2,375,100.0
473980,3,2,2,375,100.0
475230,3,2,2,394,100.0
475400,3,2,2,278,100.0
475560,3,2,2,351,100.0
475830,3,2,2,291,100.0
475960,3,2,2,335,100.0
476080,3,2,2,360,100.0
480370,3,2,2,354,100.0
483650,3,2,2,360,100.0
484120,3,2,2,358,100.0
486990,3,2,2,346,100.0
488280,3,2,2,357,100.0
489460,3,2,2,293,100.0
490470,3,2,2,351,100.0
493330,3,2,2,353,100.0
494120,3,2,2,329,100.0
900100,3,2,2,294,100.0
950130,3,2,2,354,100.0
950140,3,2,2,292,100.0
950190,3,2,2,318,100.0
950200,3,2,2,324,100.0
950220,3,2,2,276,100.0
