stock_code,statement_type,누락_키워드_예시
000400,BS,"자산총계, 자산 총계, 유동자산"
000400,IS,"매출액, 영업수익, 수익(매출액)"
0004Y0,BS,"자산총계, 자산 총계, 유동자산"
0004Y0,IS,"매출액, 영업수익, 수익(매출액)"
0007J0,BS,"자산총계, 자산 총계, 유동자산"
0007J0,IS,"매출액, 영업수익, 수익(매출액)"
000890,BS,"자산총계, 자산 총계, 유동자산"
000890,IS,"매출액, 영업수익, 수익(매출액)"
0010F0,BS,"자산총계, 자산 총계, 유동자산"
0010F0,IS,"매출액, 영업수익, 수익(매출액)"
001420,BS,"자산총계, 자산 총계, 유동자산"
001420,IS,"매출액, 영업수익, 수익(매출액)"
001550,BS,"자산총계, 자산 총계, 유동자산"
001550,IS,"매출액, 영업수익, 수익(매출액)"
001750,BS,"자산총계, 자산 총계, 유동자산"
001750,IS,"매출액, 영업수익, 수익(매출액)"
002210,BS,"자산총계, 자산 총계, 유동자산"
002210,IS,"매출액, 영업수익, 수익(매출액)"
002290,BS,"자산총계, 자산 총계, 유동자산"
002290,IS,"매출액, 영업수익, 수익(매출액)"
002420,BS,"자산총계, 자산 총계, 유동자산"
002420,IS,"매출액, 영업수익, 수익(매출액)"
002700,BS,"자산총계, 자산 총계, 유동자산"
002700,IS,"매출액, 영업수익, 수익(매출액)"
002780,BS,"자산총계, 자산 총계, 유동자산"
002780,IS,"매출액, 영업수익, 수익(매출액)"
002960,BS,"자산총계, 자산 총계, 유동자산"
002960,IS,"매출액, 영업수익, 수익(매출액)"
003010,BS,"자산총계, 자산 총계, 유동자산"
003010,IS,"매출액, 영업수익, 수익(매출액)"
003120,BS,"자산총계, 자산 총계, 유동자산"
003120,IS,"매출액, 영업수익, 수익(매출액)"
003350,BS,"자산총계, 자산 총계, 유동자산"
003350,IS,"매출액, 영업수익, 수익(매출액)"
003520,BS,"자산총계, 자산 총계, 유동자산"
003520,IS,"매출액, 영업수익, 수익(매출액)"
003650,BS,"자산총계, 자산 총계, 유동자산"
003650,IS,"매출액, 영업수익, 수익(매출액)"
003830,BS,"자산총계, 자산 총계, 유동자산"
003830,IS,"매출액, 영업수익, 수익(매출액)"
0041B0,BS,"자산총계, 자산 총계, 유동자산"
0041B0,IS,"매출액, 영업수익, 수익(매출액)"
004310,BS,"자산총계, 자산 총계, 유동자산"
004310,IS,"매출액, 영업수익, 수익(매출액)"
004440,BS,"자산총계, 자산 총계, 유동자산"
004440,IS,"매출액, 영업수익, 수익(매출액)"
0044K0,BS,"자산총계, 자산 총계, 유동자산"
0044K0,IS,"매출액, 영업수익, 수익(매출액)"
004700,BS,"자산총계, 자산 총계, 유동자산"
004700,IS,"매출액, 영업수익, 수익(매출액)"
004720,BS,"자산총계, 자산 총계, 유동자산"
004720,IS,"매출액, 영업수익, 수익(매출액)"
004870,BS,"자산총계, 자산 총계, 유동자산"
004870,IS,"매출액, 영업수익, 수익(매출액)"
005030,BS,"자산총계, 자산 총계, 유동자산"
005030,IS,"매출액, 영업수익, 수익(매출액)"
005070,BS,"자산총계, 자산 총계, 유동자산"
005070,IS,"매출액, 영업수익, 수익(매출액)"
005690,BS,"자산총계, 자산 총계, 유동자산"
005690,IS,"매출액, 영업수익, 수익(매출액)"
005870,BS,"자산총계, 자산 총계, 유동자산"
005870,IS,"매출액, 영업수익, 수익(매출액)"
006050,BS,"자산총계, 자산 총계, 유동자산"
006050,IS,"매출액, 영업수익, 수익(매출액)"
006090,BS,"자산총계, 자산 총계, 유동자산"
006090,IS,"매출액, 영업수익, 수익(매출액)"
006140,BS,"자산총계, 자산 총계, 유동자산"
006140,IS,"매출액, 영업수익, 수익(매출액)"
007110,BS,"자산총계, 자산 총계, 유동자산"
007110,IS,"매출액, 영업수익, 수익(매출액)"
007120,BS,"자산총계, 자산 총계, 유동자산"
007120,IS,"매출액, 영업수익, 수익(매출액)"
0071M0,BS,"자산총계, 자산 총계, 유동자산"
0071M0,IS,"매출액, 영업수익, 수익(매출액)"
0072Z0,BS,"자산총계, 자산 총계, 유동자산"
0072Z0,IS,"매출액, 영업수익, 수익(매출액)"
007330,BS,"자산총계, 자산 총계, 유동자산"
007330,IS,"매출액, 영업수익, 수익(매출액)"
007370,BS,"자산총계, 자산 총계, 유동자산"
007370,IS,"매출액, 영업수익, 수익(매출액)"
008040,BS,"자산총계, 자산 총계, 유동자산"
008040,IS,"매출액, 영업수익, 수익(매출액)"
008260,BS,"자산총계, 자산 총계, 유동자산"
008260,IS,"매출액, 영업수익, 수익(매출액)"
0082N0,BS,"자산총계, 자산 총계, 유동자산"
0082N0,IS,"매출액, 영업수익, 수익(매출액)"
008370,BS,"자산총계, 자산 총계, 유동자산"
008370,IS,"매출액, 영업수익, 수익(매출액)"
008420,BS,"자산총계, 자산 총계, 유동자산"
008420,IS,"매출액, 영업수익, 수익(매출액)"
008500,BS,"자산총계, 자산 총계, 유동자산"
008500,IS,"매출액, 영업수익, 수익(매출액)"
008800,BS,"자산총계, 자산 총계, 유동자산"
008800,IS,"매출액, 영업수익, 수익(매출액)"
008830,BS,"자산총계, 자산 총계, 유동자산"
008830,IS,"매출액, 영업수익, 수익(매출액)"
0088D0,BS,"자산총계, 자산 총계, 유동자산"
0088D0,IS,"매출액, 영업수익, 수익(매출액)"
0088M0,BS,"자산총계, 자산 총계, 유동자산"
0088M0,IS,"매출액, 영업수익, 수익(매출액)"
0091W0,BS,"자산총계, 자산 총계, 유동자산"
0091W0,IS,"매출액, 영업수익, 수익(매출액)"
0093G0,BS,"자산총계, 자산 총계, 유동자산"
0093G0,IS,"매출액, 영업수익, 수익(매출액)"
009460,BS,"자산총계, 자산 총계, 유동자산"
009460,IS,"매출액, 영업수익, 수익(매출액)"
009520,BS,"자산총계, 자산 총계, 유동자산"
009520,IS,"매출액, 영업수익, 수익(매출액)"
0096B0,BS,"자산총계, 자산 총계, 유동자산"
0096B0,IS,"매출액, 영업수익, 수익(매출액)"
0096D0,BS,"자산총계, 자산 총계, 유동자산"
0096D0,IS,"매출액, 영업수익, 수익(매출액)"
009730,BS,"자산총계, 자산 총계, 유동자산"
009730,IS,"매출액, 영업수익, 수익(매출액)"
009770,BS,"자산총계, 자산 총계, 유동자산"
009770,IS,"매출액, 영업수익, 수익(매출액)"
0099W0,BS,"자산총계, 자산 총계, 유동자산"
0099W0,IS,"매출액, 영업수익, 수익(매출액)"
0101C0,BS,"자산총계, 자산 총계, 유동자산"
0101C0,IS,"매출액, 영업수익, 수익(매출액)"
0105P0,BS,"자산총계, 자산 총계, 유동자산"
0105P0,IS,"매출액, 영업수익, 수익(매출액)"
010820,BS,"자산총계, 자산 총계, 유동자산"
010820,IS,"매출액, 영업수익, 수익(매출액)"
011420,BS,"자산총계, 자산 총계, 유동자산"
011420,IS,"매출액, 영업수익, 수익(매출액)"
0120G0,BS,"자산총계, 자산 총계, 유동자산"
0120G0,IS,"매출액, 영업수익, 수익(매출액)"
012280,BS,"자산총계, 자산 총계, 유동자산"
012280,IS,"매출액, 영업수익, 수익(매출액)"
012690,BS,"자산총계, 자산 총계, 유동자산"
012690,IS,"매출액, 영업수익, 수익(매출액)"
013000,BS,"자산총계, 자산 총계, 유동자산"
013000,IS,"매출액, 영업수익, 수익(매출액)"
0132G0,BS,"자산총계, 자산 총계, 유동자산"
0132G0,IS,"매출액, 영업수익, 수익(매출액)"
014160,BS,"자산총계, 자산 총계, 유동자산"
014160,IS,"매출액, 영업수익, 수익(매출액)"
014570,BS,"자산총계, 자산 총계, 유동자산"
014570,IS,"매출액, 영업수익, 수익(매출액)"
015020,BS,"자산총계, 자산 총계, 유동자산"
015020,IS,"매출액, 영업수익, 수익(매출액)"
015710,BS,"자산총계, 자산 총계, 유동자산"
015710,IS,"매출액, 영업수익, 수익(매출액)"
016090,BS,"자산총계, 자산 총계, 유동자산"
016090,IS,"매출액, 영업수익, 수익(매출액)"
016670,BS,"자산총계, 자산 총계, 유동자산"
016670,IS,"매출액, 영업수익, 수익(매출액)"
017000,BS,"자산총계, 자산 총계, 유동자산"
017000,IS,"매출액, 영업수익, 수익(매출액)"
017680,BS,"자산총계, 자산 총계, 유동자산"
017680,IS,"매출액, 영업수익, 수익(매출액)"
018470,BS,"자산총계, 자산 총계, 유동자산"
018470,IS,"매출액, 영업수익, 수익(매출액)"
019550,BS,"자산총계, 자산 총계, 유동자산"
019550,IS,"매출액, 영업수익, 수익(매출액)"
019770,BS,"자산총계, 자산 총계, 유동자산"
019770,IS,"매출액, 영업수익, 수익(매출액)"
020400,BS,"자산총계, 자산 총계, 유동자산"
020400,IS,"매출액, 영업수익, 수익(매출액)"
021080,BS,"자산총계, 자산 총계, 유동자산"
021080,IS,"매출액, 영업수익, 수익(매출액)"
023000,BS,"자산총계, 자산 총계, 유동자산"
023000,IS,"매출액, 영업수익, 수익(매출액)"
023450,BS,"자산총계, 자산 총계, 유동자산"
023450,IS,"매출액, 영업수익, 수익(매출액)"
023770,BS,"자산총계, 자산 총계, 유동자산"
023770,IS,"매출액, 영업수익, 수익(매출액)"
023790,BS,"자산총계, 자산 총계, 유동자산"
023790,IS,"매출액, 영업수익, 수익(매출액)"
023910,BS,"자산총계, 자산 총계, 유동자산"
023910,IS,"매출액, 영업수익, 수익(매출액)"
024060,BS,"자산총계, 자산 총계, 유동자산"
024060,IS,"매출액, 영업수익, 수익(매출액)"
024090,BS,"자산총계, 자산 총계, 유동자산"
024090,IS,"매출액, 영업수익, 수익(매출액)"
024830,BS,"자산총계, 자산 총계, 유동자산"
024830,IS,"매출액, 영업수익, 수익(매출액)"
025820,BS,"자산총계, 자산 총계, 유동자산"
025820,IS,"매출액, 영업수익, 수익(매출액)"
025890,BS,"자산총계, 자산 총계, 유동자산"
025890,IS,"매출액, 영업수익, 수익(매출액)"
025950,BS,"자산총계, 자산 총계, 유동자산"
025950,IS,"매출액, 영업수익, 수익(매출액)"
026040,BS,"자산총계, 자산 총계, 유동자산"
026040,IS,"매출액, 영업수익, 수익(매출액)"
026940,BS,"자산총계, 자산 총계, 유동자산"
026940,IS,"매출액, 영업수익, 수익(매출액)"
027830,BS,"자산총계, 자산 총계, 유동자산"
027830,IS,"매출액, 영업수익, 수익(매출액)"
029960,BS,"자산총계, 자산 총계, 유동자산"
029960,IS,"매출액, 영업수익, 수익(매출액)"
031990,BS,"자산총계, 자산 총계, 유동자산"
031990,IS,"매출액, 영업수익, 수익(매출액)"
032080,BS,"자산총계, 자산 총계, 유동자산"
032080,IS,"매출액, 영업수익, 수익(매출액)"
032300,BS,"자산총계, 자산 총계, 유동자산"
032300,IS,"매출액, 영업수익, 수익(매출액)"
032580,BS,"자산총계, 자산 총계, 유동자산"
032580,IS,"매출액, 영업수익, 수익(매출액)"
032860,BS,"자산총계, 자산 총계, 유동자산"
032860,IS,"매출액, 영업수익, 수익(매출액)"
033100,BS,"자산총계, 자산 총계, 유동자산"
033100,IS,"매출액, 영업수익, 수익(매출액)"
034590,BS,"자산총계, 자산 총계, 유동자산"
034590,IS,"매출액, 영업수익, 수익(매출액)"
035290,BS,"자산총계, 자산 총계, 유동자산"
035290,IS,"매출액, 영업수익, 수익(매출액)"
036000,BS,"자산총계, 자산 총계, 유동자산"
036000,IS,"매출액, 영업수익, 수익(매출액)"
036480,BS,"자산총계, 자산 총계, 유동자산"
036480,IS,"매출액, 영업수익, 수익(매출액)"
036620,BS,"자산총계, 자산 총계, 유동자산"
036620,IS,"매출액, 영업수익, 수익(매출액)"
036670,BS,"자산총계, 자산 총계, 유동자산"
036670,IS,"매출액, 영업수익, 수익(매출액)"
037070,BS,"자산총계, 자산 총계, 유동자산"
037070,IS,"매출액, 영업수익, 수익(매출액)"
037230,BS,"자산총계, 자산 총계, 유동자산"
037230,IS,"매출액, 영업수익, 수익(매출액)"
037710,BS,"자산총계, 자산 총계, 유동자산"
037710,IS,"매출액, 영업수익, 수익(매출액)"
039240,BS,"자산총계, 자산 총계, 유동자산"
039240,IS,"매출액, 영업수익, 수익(매출액)"
039790,BS,"자산총계, 자산 총계, 유동자산"
039790,IS,"매출액, 영업수익, 수익(매출액)"
039980,BS,"자산총계, 자산 총계, 유동자산"
039980,IS,"매출액, 영업수익, 수익(매출액)"
040300,BS,"자산총계, 자산 총계, 유동자산"
040300,IS,"매출액, 영업수익, 수익(매출액)"
041910,BS,"자산총계, 자산 총계, 유동자산"
041910,IS,"매출액, 영업수익, 수익(매출액)"
043340,BS,"자산총계, 자산 총계, 유동자산"
043340,IS,"매출액, 영업수익, 수익(매출액)"
043360,BS,"자산총계, 자산 총계, 유동자산"
043360,IS,"매출액, 영업수익, 수익(매출액)"
044060,BS,"자산총계, 자산 총계, 유동자산"
044060,IS,"매출액, 영업수익, 수익(매출액)"
044490,BS,"자산총계, 자산 총계, 유동자산"
044490,IS,"매출액, 영업수익, 수익(매출액)"
044960,BS,"자산총계, 자산 총계, 유동자산"
044960,IS,"매출액, 영업수익, 수익(매출액)"
045340,BS,"자산총계, 자산 총계, 유동자산"
045340,IS,"매출액, 영업수익, 수익(매출액)"
048470,BS,"자산총계, 자산 총계, 유동자산"
048470,IS,"매출액, 영업수익, 수익(매출액)"
049130,BS,"자산총계, 자산 총계, 유동자산"
049130,IS,"매출액, 영업수익, 수익(매출액)"
049470,BS,"자산총계, 자산 총계, 유동자산"
049470,IS,"매출액, 영업수익, 수익(매출액)"
049830,BS,"자산총계, 자산 총계, 유동자산"
049830,IS,"매출액, 영업수익, 수익(매출액)"
050960,BS,"자산총계, 자산 총계, 유동자산"
050960,IS,"매출액, 영업수익, 수익(매출액)"
051380,BS,"자산총계, 자산 총계, 유동자산"
051380,IS,"매출액, 영업수익, 수익(매출액)"
051630,BS,"자산총계, 자산 총계, 유동자산"
051630,IS,"매출액, 영업수익, 수익(매출액)"
052600,BS,"자산총계, 자산 총계, 유동자산"
052600,IS,"매출액, 영업수익, 수익(매출액)"
052770,BS,"자산총계, 자산 총계, 유동자산"
052770,IS,"매출액, 영업수익, 수익(매출액)"
053050,BS,"자산총계, 자산 총계, 유동자산"
053050,IS,"매출액, 영업수익, 수익(매출액)"
053290,BS,"자산총계, 자산 총계, 유동자산"
053290,IS,"매출액, 영업수익, 수익(매출액)"
053580,BS,"자산총계, 자산 총계, 유동자산"
053580,IS,"매출액, 영업수익, 수익(매출액)"
053950,BS,"자산총계, 자산 총계, 유동자산"
053950,IS,"매출액, 영업수익, 수익(매출액)"
054300,BS,"자산총계, 자산 총계, 유동자산"
054300,IS,"매출액, 영업수익, 수익(매출액)"
054780,BS,"자산총계, 자산 총계, 유동자산"
054780,IS,"매출액, 영업수익, 수익(매출액)"
054930,BS,"자산총계, 자산 총계, 유동자산"
054930,IS,"매출액, 영업수익, 수익(매출액)"
056080,BS,"자산총계, 자산 총계, 유동자산"
056080,IS,"매출액, 영업수익, 수익(매출액)"
056730,BS,"자산총계, 자산 총계, 유동자산"
056730,IS,"매출액, 영업수익, 수익(매출액)"
058470,BS,"자산총계, 자산 총계, 유동자산"
058470,IS,"매출액, 영업수익, 수익(매출액)"
058860,BS,"자산총계, 자산 총계, 유동자산"
058860,IS,"매출액, 영업수익, 수익(매출액)"
059120,BS,"자산총계, 자산 총계, 유동자산"
059120,IS,"매출액, 영업수익, 수익(매출액)"
060260,BS,"자산총계, 자산 총계, 유동자산"
060260,IS,"매출액, 영업수익, 수익(매출액)"
060480,BS,"자산총계, 자산 총계, 유동자산"
060480,IS,"매출액, 영업수익, 수익(매출액)"
061250,BS,"자산총계, 자산 총계, 유동자산"
061250,IS,"매출액, 영업수익, 수익(매출액)"
062970,BS,"자산총계, 자산 총계, 유동자산"
062970,IS,"매출액, 영업수익, 수익(매출액)"
063160,BS,"자산총계, 자산 총계, 유동자산"
063160,IS,"매출액, 영업수익, 수익(매출액)"
064760,BS,"자산총계, 자산 총계, 유동자산"
064760,IS,"매출액, 영업수익, 수익(매출액)"
065570,BS,"자산총계, 자산 총계, 유동자산"
065570,IS,"매출액, 영업수익, 수익(매출액)"
065660,BS,"자산총계, 자산 총계, 유동자산"
065660,IS,"매출액, 영업수익, 수익(매출액)"
066130,BS,"자산총계, 자산 총계, 유동자산"
066130,IS,"매출액, 영업수익, 수익(매출액)"
066430,BS,"자산총계, 자산 총계, 유동자산"
066430,IS,"매출액, 영업수익, 수익(매출액)"
067730,BS,"자산총계, 자산 총계, 유동자산"
067730,IS,"매출액, 영업수익, 수익(매출액)"
067830,BS,"자산총계, 자산 총계, 유동자산"
067830,IS,"매출액, 영업수익, 수익(매출액)"
069920,BS,"자산총계, 자산 총계, 유동자산"
069920,IS,"매출액, 영업수익, 수익(매출액)"
072020,BS,"자산총계, 자산 총계, 유동자산"
072020,IS,"매출액, 영업수익, 수익(매출액)"
073190,BS,"자산총계, 자산 총계, 유동자산"
073190,IS,"매출액, 영업수익, 수익(매출액)"
073570,BS,"자산총계, 자산 총계, 유동자산"
073570,IS,"매출액, 영업수익, 수익(매출액)"
078590,BS,"자산총계, 자산 총계, 유동자산"
078590,IS,"매출액, 영업수익, 수익(매출액)"
079000,BS,"자산총계, 자산 총계, 유동자산"
079000,IS,"매출액, 영업수익, 수익(매출액)"
079170,BS,"자산총계, 자산 총계, 유동자산"
079170,IS,"매출액, 영업수익, 수익(매출액)"
081180,BS,"자산총계, 자산 총계, 유동자산"
081180,IS,"매출액, 영업수익, 수익(매출액)"
081970,BS,"자산총계, 자산 총계, 유동자산"
081970,IS,"매출액, 영업수익, 수익(매출액)"
082660,BS,"자산총계, 자산 총계, 유동자산"
082660,IS,"매출액, 영업수익, 수익(매출액)"
083420,BS,"자산총계, 자산 총계, 유동자산"
083420,IS,"매출액, 영업수익, 수익(매출액)"
083640,BS,"자산총계, 자산 총계, 유동자산"
083640,IS,"매출액, 영업수익, 수익(매출액)"
084680,BS,"자산총계, 자산 총계, 유동자산"
084680,IS,"매출액, 영업수익, 수익(매출액)"
086220,BS,"자산총계, 자산 총계, 유동자산"
086220,IS,"매출액, 영업수익, 수익(매출액)"
086790,BS,"자산총계, 자산 총계, 유동자산"
086890,BS,"자산총계, 자산 총계, 유동자산"
086890,IS,"매출액, 영업수익, 수익(매출액)"
087600,BS,"자산총계, 자산 총계, 유동자산"
087600,IS,"매출액, 영업수익, 수익(매출액)"
088280,BS,"자산총계, 자산 총계, 유동자산"
088280,IS,"매출액, 영업수익, 수익(매출액)"
088790,BS,"자산총계, 자산 총계, 유동자산"
088790,IS,"매출액, 영업수익, 수익(매출액)"
089150,BS,"자산총계, 자산 총계, 유동자산"
089150,IS,"매출액, 영업수익, 수익(매출액)"
094170,BS,"자산총계, 자산 총계, 유동자산"
094170,IS,"매출액, 영업수익, 수익(매출액)"
094850,BS,"자산총계, 자산 총계, 유동자산"
094850,IS,"매출액, 영업수익, 수익(매출액)"
095190,BS,"자산총계, 자산 총계, 유동자산"
095190,IS,"매출액, 영업수익, 수익(매출액)"
095700,BS,"자산총계, 자산 총계, 유동자산"
095700,IS,"매출액, 영업수익, 수익(매출액)"
096640,BS,"자산총계, 자산 총계, 유동자산"
096640,IS,"매출액, 영업수익, 수익(매출액)"
096870,BS,"자산총계, 자산 총계, 유동자산"
096870,IS,"매출액, 영업수익, 수익(매출액)"
099410,BS,"자산총계, 자산 총계, 유동자산"
099410,IS,"매출액, 영업수익, 수익(매출액)"
101140,BS,"자산총계, 자산 총계, 유동자산"
101140,IS,"매출액, 영업수익, 수익(매출액)"
101240,BS,"자산총계, 자산 총계, 유동자산"
101240,IS,"매출액, 영업수익, 수익(매출액)"
101680,BS,"자산총계, 자산 총계, 유동자산"
101680,IS,"매출액, 영업수익, 수익(매출액)"
101970,BS,"자산총계, 자산 총계, 유동자산"
101970,IS,"매출액, 영업수익, 수익(매출액)"
103230,BS,"자산총계, 자산 총계, 유동자산"
103230,IS,"매출액, 영업수익, 수익(매출액)"
103840,BS,"자산총계, 자산 총계, 유동자산"
103840,IS,"매출액, 영업수익, 수익(매출액)"
104480,BS,"자산총계, 자산 총계, 유동자산"
104480,IS,"매출액, 영업수익, 수익(매출액)"
106190,BS,"자산총계, 자산 총계, 유동자산"
106190,IS,"매출액, 영업수익, 수익(매출액)"
107600,BS,"자산총계, 자산 총계, 유동자산"
107600,IS,"매출액, 영업수익, 수익(매출액)"
109080,BS,"자산총계, 자산 총계, 유동자산"
109080,IS,"매출액, 영업수익, 수익(매출액)"
110020,BS,"자산총계, 자산 총계, 유동자산"
110020,IS,"매출액, 영업수익, 수익(매출액)"
112290,BS,"자산총계, 자산 총계, 유동자산"
112290,IS,"매출액, 영업수익, 수익(매출액)"
114450,BS,"자산총계, 자산 총계, 유동자산"
114450,IS,"매출액, 영업수익, 수익(매출액)"
115500,BS,"자산총계, 자산 총계, 유동자산"
115500,IS,"매출액, 영업수익, 수익(매출액)"
115610,BS,"자산총계, 자산 총계, 유동자산"
115610,IS,"매출액, 영업수익, 수익(매출액)"
117580,BS,"자산총계, 자산 총계, 유동자산"
117580,IS,"매출액, 영업수익, 수익(매출액)"
120240,BS,"자산총계, 자산 총계, 유동자산"
120240,IS,"매출액, 영업수익, 수익(매출액)"
123860,BS,"자산총계, 자산 총계, 유동자산"
123860,IS,"매출액, 영업수익, 수익(매출액)"
125020,BS,"자산총계, 자산 총계, 유동자산"
125020,IS,"매출액, 영업수익, 수익(매출액)"
131030,BS,"자산총계, 자산 총계, 유동자산"
131030,IS,"매출액, 영업수익, 수익(매출액)"
131090,BS,"자산총계, 자산 총계, 유동자산"
131090,IS,"매출액, 영업수익, 수익(매출액)"
131970,BS,"자산총계, 자산 총계, 유동자산"
131970,IS,"매출액, 영업수익, 수익(매출액)"
133750,BS,"자산총계, 자산 총계, 유동자산"
133750,IS,"매출액, 영업수익, 수익(매출액)"
134060,BS,"자산총계, 자산 총계, 유동자산"
134060,IS,"매출액, 영업수익, 수익(매출액)"
134380,BS,"자산총계, 자산 총계, 유동자산"
134380,IS,"매출액, 영업수익, 수익(매출액)"
136150,BS,"자산총계, 자산 총계, 유동자산"
136150,IS,"매출액, 영업수익, 수익(매출액)"
138360,BS,"자산총계, 자산 총계, 유동자산"
138360,IS,"매출액, 영업수익, 수익(매출액)"
138610,BS,"자산총계, 자산 총계, 유동자산"
138610,IS,"매출액, 영업수익, 수익(매출액)"
140430,BS,"자산총계, 자산 총계, 유동자산"
140430,IS,"매출액, 영업수익, 수익(매출액)"
140910,BS,"자산총계, 자산 총계, 유동자산"
140910,IS,"매출액, 영업수익, 수익(매출액)"
147830,BS,"자산총계, 자산 총계, 유동자산"
147830,IS,"매출액, 영업수익, 수익(매출액)"
149950,BS,"자산총계, 자산 총계, 유동자산"
149950,IS,"매출액, 영업수익, 수익(매출액)"
153460,BS,"자산총계, 자산 총계, 유동자산"
153460,IS,"매출액, 영업수익, 수익(매출액)"
154040,BS,"자산총계, 자산 총계, 유동자산"
154040,IS,"매출액, 영업수익, 수익(매출액)"
163280,BS,"자산총계, 자산 총계, 유동자산"
163280,IS,"매출액, 영업수익, 수익(매출액)"
174900,BS,"자산총계, 자산 총계, 유동자산"
174900,IS,"매출액, 영업수익, 수익(매출액)"
177900,BS,"자산총계, 자산 총계, 유동자산"
177900,IS,"매출액, 영업수익, 수익(매출액)"
187660,BS,"자산총계, 자산 총계, 유동자산"
187660,IS,"매출액, 영업수익, 수익(매출액)"
188260,BS,"자산총계, 자산 총계, 유동자산"
188260,IS,"매출액, 영업수익, 수익(매출액)"
189860,BS,"자산총계, 자산 총계, 유동자산"
189860,IS,"매출액, 영업수익, 수익(매출액)"
195500,BS,"자산총계, 자산 총계, 유동자산"
195500,IS,"매출액, 영업수익, 수익(매출액)"
195940,BS,"자산총계, 자산 총계, 유동자산"
195940,IS,"매출액, 영업수익, 수익(매출액)"
196300,BS,"자산총계, 자산 총계, 유동자산"
196300,IS,"매출액, 영업수익, 수익(매출액)"
197140,BS,"자산총계, 자산 총계, 유동자산"
197140,IS,"매출액, 영업수익, 수익(매출액)"
198440,BS,"자산총계, 자산 총계, 유동자산"
198440,IS,"매출액, 영업수익, 수익(매출액)"
199730,BS,"자산총계, 자산 총계, 유동자산"
199730,IS,"매출액, 영업수익, 수익(매출액)"
200470,BS,"자산총계, 자산 총계, 유동자산"
200470,IS,"매출액, 영업수익, 수익(매출액)"
200670,BS,"자산총계, 자산 총계, 유동자산"
200670,IS,"매출액, 영업수익, 수익(매출액)"
206650,BS,"자산총계, 자산 총계, 유동자산"
206650,IS,"매출액, 영업수익, 수익(매출액)"
210120,BS,"자산총계, 자산 총계, 유동자산"
210120,IS,"매출액, 영업수익, 수익(매출액)"
211270,BS,"자산총계, 자산 총계, 유동자산"
211270,IS,"매출액, 영업수익, 수익(매출액)"
212560,BS,"자산총계, 자산 총계, 유동자산"
212560,IS,"매출액, 영업수익, 수익(매출액)"
214390,BS,"자산총계, 자산 총계, 유동자산"
214390,IS,"매출액, 영업수익, 수익(매출액)"
214430,BS,"자산총계, 자산 총계, 유동자산"
214430,IS,"매출액, 영업수익, 수익(매출액)"
214610,BS,"자산총계, 자산 총계, 유동자산"
214610,IS,"매출액, 영업수익, 수익(매출액)"
215380,BS,"자산총계, 자산 총계, 유동자산"
215380,IS,"매출액, 영업수익, 수익(매출액)"
217950,BS,"자산총계, 자산 총계, 유동자산"
217950,IS,"매출액, 영업수익, 수익(매출액)"
219130,BS,"자산총계, 자산 총계, 유동자산"
219130,IS,"매출액, 영업수익, 수익(매출액)"
219750,BS,"자산총계, 자산 총계, 유동자산"
219750,IS,"매출액, 영업수익, 수익(매출액)"
220260,BS,"자산총계, 자산 총계, 유동자산"
220260,IS,"매출액, 영업수익, 수익(매출액)"
221800,BS,"자산총계, 자산 총계, 유동자산"
221800,IS,"매출액, 영업수익, 수익(매출액)"
222110,BS,"자산총계, 자산 총계, 유동자산"
222110,IS,"매출액, 영업수익, 수익(매출액)"
222420,BS,"자산총계, 자산 총계, 유동자산"
222420,IS,"매출액, 영업수익, 수익(매출액)"
228340,BS,"자산총계, 자산 총계, 유동자산"
228340,IS,"매출액, 영업수익, 수익(매출액)"
234920,BS,"자산총계, 자산 총계, 유동자산"
234920,IS,"매출액, 영업수익, 수익(매출액)"
238490,BS,"자산총계, 자산 총계, 유동자산"
238490,IS,"매출액, 영업수익, 수익(매출액)"
239890,BS,"자산총계, 자산 총계, 유동자산"
239890,IS,"매출액, 영업수익, 수익(매출액)"
244460,BS,"자산총계, 자산 총계, 유동자산"
244460,IS,"매출액, 영업수익, 수익(매출액)"
246250,BS,"자산총계, 자산 총계, 유동자산"
246250,IS,"매출액, 영업수익, 수익(매출액)"
246720,BS,"자산총계, 자산 총계, 유동자산"
246720,IS,"매출액, 영업수익, 수익(매출액)"
250030,BS,"자산총계, 자산 총계, 유동자산"
250030,IS,"매출액, 영업수익, 수익(매출액)"
250060,BS,"자산총계, 자산 총계, 유동자산"
250060,IS,"매출액, 영업수익, 수익(매출액)"
251120,BS,"자산총계, 자산 총계, 유동자산"
251120,IS,"매출액, 영업수익, 수익(매출액)"
252500,BS,"자산총계, 자산 총계, 유동자산"
252500,IS,"매출액, 영업수익, 수익(매출액)"
254490,BS,"자산총계, 자산 총계, 유동자산"
254490,IS,"매출액, 영업수익, 수익(매출액)"
256150,BS,"자산총계, 자산 총계, 유동자산"
256150,IS,"매출액, 영업수익, 수익(매출액)"
257370,BS,"자산총계, 자산 총계, 유동자산"
257370,IS,"매출액, 영업수익, 수익(매출액)"
260660,BS,"자산총계, 자산 총계, 유동자산"
260660,IS,"매출액, 영업수익, 수익(매출액)"
261520,BS,"자산총계, 자산 총계, 유동자산"
261520,IS,"매출액, 영업수익, 수익(매출액)"
263770,BS,"자산총계, 자산 총계, 유동자산"
263770,IS,"매출액, 영업수익, 수익(매출액)"
263800,BS,"자산총계, 자산 총계, 유동자산"
263800,IS,"매출액, 영업수익, 수익(매출액)"
264900,BS,"자산총계, 자산 총계, 유동자산"
264900,IS,"매출액, 영업수익, 수익(매출액)"
265740,BS,"자산총계, 자산 총계, 유동자산"
265740,IS,"매출액, 영업수익, 수익(매출액)"
267080,BS,"자산총계, 자산 총계, 유동자산"
267080,IS,"매출액, 영업수익, 수익(매출액)"
267850,BS,"자산총계, 자산 총계, 유동자산"
267850,IS,"매출액, 영업수익, 수익(매출액)"
272450,BS,"자산총계, 자산 총계, 유동자산"
272450,IS,"매출액, 영업수익, 수익(매출액)"
274400,BS,"자산총계, 자산 총계, 유동자산"
274400,IS,"매출액, 영업수익, 수익(매출액)"
279570,BS,"자산총계, 자산 총계, 유동자산"
279570,IS,"매출액, 영업수익, 수익(매출액)"
279600,BS,"자산총계, 자산 총계, 유동자산"
279600,IS,"매출액, 영업수익, 수익(매출액)"
287840,BS,"자산총계, 자산 총계, 유동자산"
287840,IS,"매출액, 영업수익, 수익(매출액)"
289930,BS,"자산총계, 자산 총계, 유동자산"
289930,IS,"매출액, 영업수익, 수익(매출액)"
290380,BS,"자산총계, 자산 총계, 유동자산"
290380,IS,"매출액, 영업수익, 수익(매출액)"
290560,BS,"자산총계, 자산 총계, 유동자산"
290560,IS,"매출액, 영업수익, 수익(매출액)"
290690,BS,"자산총계, 자산 총계, 유동자산"
290690,IS,"매출액, 영업수익, 수익(매출액)"
291650,BS,"자산총계, 자산 총계, 유동자산"
291650,IS,"매출액, 영업수익, 수익(매출액)"
291810,BS,"자산총계, 자산 총계, 유동자산"
291810,IS,"매출액, 영업수익, 수익(매출액)"
293480,BS,"자산총계, 자산 총계, 유동자산"
293480,IS,"매출액, 영업수익, 수익(매출액)"
294570,BS,"자산총계, 자산 총계, 유동자산"
294570,IS,"매출액, 영업수익, 수익(매출액)"
294630,BS,"자산총계, 자산 총계, 유동자산"
294630,IS,"매출액, 영업수익, 수익(매출액)"
295310,BS,"자산총계, 자산 총계, 유동자산"
295310,IS,"매출액, 영업수익, 수익(매출액)"
298690,BS,"자산총계, 자산 총계, 유동자산"
298690,IS,"매출액, 영업수익, 수익(매출액)"
299660,BS,"자산총계, 자산 총계, 유동자산"
299660,IS,"매출액, 영업수익, 수익(매출액)"
303030,BS,"자산총계, 자산 총계, 유동자산"
303030,IS,"매출액, 영업수익, 수익(매출액)"
303360,BS,"자산총계, 자산 총계, 유동자산"
303360,IS,"매출액, 영업수익, 수익(매출액)"
303810,BS,"자산총계, 자산 총계, 유동자산"
303810,IS,"매출액, 영업수익, 수익(매출액)"
305090,BS,"자산총계, 자산 총계, 유동자산"
305090,IS,"매출액, 영업수익, 수익(매출액)"
307930,BS,"자산총계, 자산 총계, 유동자산"
307930,IS,"매출액, 영업수익, 수익(매출액)"
308080,BS,"자산총계, 자산 총계, 유동자산"
308080,IS,"매출액, 영업수익, 수익(매출액)"
308430,BS,"자산총계, 자산 총계, 유동자산"
308430,IS,"매출액, 영업수익, 수익(매출액)"
311060,BS,"자산총계, 자산 총계, 유동자산"
311060,IS,"매출액, 영업수익, 수익(매출액)"
314140,BS,"자산총계, 자산 총계, 유동자산"
314140,IS,"매출액, 영업수익, 수익(매출액)"
315640,BS,"자산총계, 자산 총계, 유동자산"
315640,IS,"매출액, 영업수익, 수익(매출액)"
323410,BS,"자산총계, 자산 총계, 유동자산"
323410,IS,"매출액, 영업수익, 수익(매출액)"
323990,BS,"자산총계, 자산 총계, 유동자산"
323990,IS,"매출액, 영업수익, 수익(매출액)"
330590,BS,"자산총계, 자산 총계, 유동자산"
330590,IS,"매출액, 영업수익, 수익(매출액)"
330730,BS,"자산총계, 자산 총계, 유동자산"
330730,IS,"매출액, 영업수익, 수익(매출액)"
330860,BS,"자산총계, 자산 총계, 유동자산"
330860,IS,"매출액, 영업수익, 수익(매출액)"
331380,BS,"자산총계, 자산 총계, 유동자산"
331380,IS,"매출액, 영업수익, 수익(매출액)"
333050,BS,"자산총계, 자산 총계, 유동자산"
333050,IS,"매출액, 영업수익, 수익(매출액)"
338100,BS,"자산총계, 자산 총계, 유동자산"
338100,IS,"매출액, 영업수익, 수익(매출액)"
338840,BS,"자산총계, 자산 총계, 유동자산"
338840,IS,"매출액, 영업수익, 수익(매출액)"
340450,BS,"자산총계, 자산 총계, 유동자산"
340450,IS,"매출액, 영업수익, 수익(매출액)"
344860,BS,"자산총계, 자산 총계, 유동자산"
344860,IS,"매출액, 영업수익, 수익(매출액)"
348030,BS,"자산총계, 자산 총계, 유동자산"
348030,IS,"매출액, 영업수익, 수익(매출액)"
352940,BS,"자산총계, 자산 총계, 유동자산"
352940,IS,"매출액, 영업수익, 수익(매출액)"
356680,BS,"자산총계, 자산 총계, 유동자산"
356680,IS,"매출액, 영업수익, 수익(매출액)"
357120,BS,"자산총계, 자산 총계, 유동자산"
357120,IS,"매출액, 영업수익, 수익(매출액)"
357250,BS,"자산총계, 자산 총계, 유동자산"
357250,IS,"매출액, 영업수익, 수익(매출액)"
357880,BS,"자산총계, 자산 총계, 유동자산"
358570,BS,"자산총계, 자산 총계, 유동자산"
358570,IS,"매출액, 영업수익, 수익(매출액)"
360070,BS,"자산총계, 자산 총계, 유동자산"
360070,IS,"매출액, 영업수익, 수익(매출액)"
361390,BS,"자산총계, 자산 총계, 유동자산"
361390,IS,"매출액, 영업수익, 수익(매출액)"
365270,BS,"자산총계, 자산 총계, 유동자산"
365270,IS,"매출액, 영업수익, 수익(매출액)"
365590,BS,"자산총계, 자산 총계, 유동자산"
365590,IS,"매출액, 영업수익, 수익(매출액)"
370090,BS,"자산총계, 자산 총계, 유동자산"
370090,IS,"매출액, 영업수익, 수익(매출액)"
376180,BS,"자산총계, 자산 총계, 유동자산"
376180,IS,"매출액, 영업수익, 수익(매출액)"
377450,BS,"자산총계, 자산 총계, 유동자산"
377450,IS,"매출액, 영업수익, 수익(매출액)"
377460,BS,"자산총계, 자산 총계, 유동자산"
377460,IS,"매출액, 영업수익, 수익(매출액)"
381970,BS,"자산총계, 자산 총계, 유동자산"
381970,IS,"매출액, 영업수익, 수익(매출액)"
383930,BS,"자산총계, 자산 총계, 유동자산"
383930,IS,"매출액, 영업수익, 수익(매출액)"
388720,BS,"자산총계, 자산 총계, 유동자산"
388720,IS,"매출액, 영업수익, 수익(매출액)"
388790,BS,"자산총계, 자산 총계, 유동자산"
388790,IS,"매출액, 영업수익, 수익(매출액)"
389500,BS,"자산총계, 자산 총계, 유동자산"
389500,IS,"매출액, 영업수익, 수익(매출액)"
389650,BS,"자산총계, 자산 총계, 유동자산"
389650,IS,"매출액, 영업수익, 수익(매출액)"
389680,BS,"자산총계, 자산 총계, 유동자산"
389680,IS,"매출액, 영업수익, 수익(매출액)"
396270,BS,"자산총계, 자산 총계, 유동자산"
396270,IS,"매출액, 영업수익, 수익(매출액)"
397030,BS,"자산총계, 자산 총계, 유동자산"
397030,IS,"매출액, 영업수익, 수익(매출액)"
402030,BS,"자산총계, 자산 총계, 유동자산"
402030,IS,"매출액, 영업수익, 수익(매출액)"
403870,BS,"자산총계, 자산 총계, 유동자산"
403870,IS,"매출액, 영업수익, 수익(매출액)"
415380,BS,"자산총계, 자산 총계, 유동자산"
415380,IS,"매출액, 영업수익, 수익(매출액)"
417310,BS,"자산총계, 자산 총계, 유동자산"
417310,IS,"매출액, 영업수익, 수익(매출액)"
417790,BS,"자산총계, 자산 총계, 유동자산"
417790,IS,"매출액, 영업수익, 수익(매출액)"
418250,BS,"자산총계, 자산 총계, 유동자산"
418250,IS,"매출액, 영업수익, 수익(매출액)"
418420,BS,"자산총계, 자산 총계, 유동자산"
418420,IS,"매출액, 영업수익, 수익(매출액)"
418470,BS,"자산총계, 자산 총계, 유동자산"
418470,IS,"매출액, 영업수익, 수익(매출액)"
419540,BS,"자산총계, 자산 총계, 유동자산"
419540,IS,"매출액, 영업수익, 수익(매출액)"
424760,BS,"자산총계, 자산 총계, 유동자산"
424760,IS,"매출액, 영업수익, 수익(매출액)"
424870,BS,"자산총계, 자산 총계, 유동자산"
424870,IS,"매출액, 영업수익, 수익(매출액)"
424980,BS,"자산총계, 자산 총계, 유동자산"
424980,IS,"매출액, 영업수익, 수익(매출액)"
429270,BS,"자산총계, 자산 총계, 유동자산"
429270,IS,"매출액, 영업수익, 수익(매출액)"
432720,BS,"자산총계, 자산 총계, 유동자산"
432720,IS,"매출액, 영업수익, 수익(매출액)"
432980,BS,"자산총계, 자산 총계, 유동자산"
432980,IS,"매출액, 영업수익, 수익(매출액)"
440290,BS,"자산총계, 자산 총계, 유동자산"
440290,IS,"매출액, 영업수익, 수익(매출액)"
445180,BS,"자산총계, 자산 총계, 유동자산"
445180,IS,"매출액, 영업수익, 수익(매출액)"
446070,BS,"자산총계, 자산 총계, 유동자산"
446070,IS,"매출액, 영업수익, 수익(매출액)"
446540,BS,"자산총계, 자산 총계, 유동자산"
446540,IS,"매출액, 영업수익, 수익(매출액)"
446840,BS,"자산총계, 자산 총계, 유동자산"
446840,IS,"매출액, 영업수익, 수익(매출액)"
448710,BS,"자산총계, 자산 총계, 유동자산"
448710,IS,"매출액, 영업수익, 수익(매출액)"
448730,BS,"자산총계, 자산 총계, 유동자산"
448730,IS,"매출액, 영업수익, 수익(매출액)"
450050,BS,"자산총계, 자산 총계, 유동자산"
450050,IS,"매출액, 영업수익, 수익(매출액)"
450080,BS,"자산총계, 자산 총계, 유동자산"
450080,IS,"매출액, 영업수익, 수익(매출액)"
450940,BS,"자산총계, 자산 총계, 유동자산"
450940,IS,"매출액, 영업수익, 수익(매출액)"
451700,BS,"자산총계, 자산 총계, 유동자산"
451700,IS,"매출액, 영업수익, 수익(매출액)"
451800,BS,"자산총계, 자산 총계, 유동자산"
451800,IS,"매출액, 영업수익, 수익(매출액)"
452200,BS,"자산총계, 자산 총계, 유동자산"
452200,IS,"매출액, 영업수익, 수익(매출액)"
452280,BS,"자산총계, 자산 총계, 유동자산"
452280,IS,"매출액, 영업수익, 수익(매출액)"
452300,BS,"자산총계, 자산 총계, 유동자산"
452300,IS,"매출액, 영업수익, 수익(매출액)"
452430,BS,"자산총계, 자산 총계, 유동자산"
452430,IS,"매출액, 영업수익, 수익(매출액)"
452670,BS,"자산총계, 자산 총계, 유동자산"
452670,IS,"매출액, 영업수익, 수익(매출액)"
453860,BS,"자산총계, 자산 총계, 유동자산"
453860,IS,"매출액, 영업수익, 수익(매출액)"
455310,BS,"자산총계, 자산 총계, 유동자산"
455310,IS,"매출액, 영업수익, 수익(매출액)"
455900,BS,"자산총계, 자산 총계, 유동자산"
455900,IS,"매출액, 영업수익, 수익(매출액)"
456070,BS,"자산총계, 자산 총계, 유동자산"
456070,IS,"매출액, 영업수익, 수익(매출액)"
456160,BS,"자산총계, 자산 총계, 유동자산"
456160,IS,"매출액, 영업수익, 수익(매출액)"
456490,BS,"자산총계, 자산 총계, 유동자산"
456490,IS,"매출액, 영업수익, 수익(매출액)"
457370,BS,"자산총계, 자산 총계, 유동자산"
457370,IS,"매출액, 영업수익, 수익(매출액)"
457550,BS,"자산총계, 자산 총계, 유동자산"
457550,IS,"매출액, 영업수익, 수익(매출액)"
457630,BS,"자산총계, 자산 총계, 유동자산"
457630,IS,"매출액, 영업수익, 수익(매출액)"
459510,BS,"자산총계, 자산 총계, 유동자산"
459510,IS,"매출액, 영업수익, 수익(매출액)"
460470,BS,"자산총계, 자산 총계, 유동자산"
460470,IS,"매출액, 영업수익, 수익(매출액)"
460870,BS,"자산총계, 자산 총계, 유동자산"
460870,IS,"매출액, 영업수익, 수익(매출액)"
461300,BS,"자산총계, 자산 총계, 유동자산"
461300,IS,"매출액, 영업수익, 수익(매출액)"
462020,BS,"자산총계, 자산 총계, 유동자산"
462020,IS,"매출액, 영업수익, 수익(매출액)"
462510,BS,"자산총계, 자산 총계, 유동자산"
462510,IS,"매출액, 영업수익, 수익(매출액)"
463020,BS,"자산총계, 자산 총계, 유동자산"
463020,IS,"매출액, 영업수익, 수익(매출액)"
464080,BS,"자산총계, 자산 총계, 유동자산"
464080,IS,"매출액, 영업수익, 수익(매출액)"
464280,BS,"자산총계, 자산 총계, 유동자산"
464280,IS,"매출액, 영업수익, 수익(매출액)"
464440,BS,"자산총계, 자산 총계, 유동자산"
464440,IS,"매출액, 영업수익, 수익(매출액)"
464580,BS,"자산총계, 자산 총계, 유동자산"
464580,IS,"매출액, 영업수익, 수익(매출액)"
464680,BS,"자산총계, 자산 총계, 유동자산"
464680,IS,"매출액, 영업수익, 수익(매출액)"
465320,BS,"자산총계, 자산 총계, 유동자산"
465320,IS,"매출액, 영업수익, 수익(매출액)"
466690,BS,"자산총계, 자산 총계, 유동자산"
466690,IS,"매출액, 영업수익, 수익(매출액)"
466910,BS,"자산총계, 자산 총계, 유동자산"
466910,IS,"매출액, 영업수익, 수익(매출액)"
467930,BS,"자산총계, 자산 총계, 유동자산"
467930,IS,"매출액, 영업수익, 수익(매출액)"
468760,BS,"자산총계, 자산 총계, 유동자산"
468760,IS,"매출액, 영업수익, 수익(매출액)"
469480,BS,"자산총계, 자산 총계, 유동자산"
469480,IS,"매출액, 영업수익, 수익(매출액)"
469750,BS,"자산총계, 자산 총계, 유동자산"
469750,IS,"매출액, 영업수익, 수익(매출액)"
469880,BS,"자산총계, 자산 총계, 유동자산"
469880,IS,"매출액, 영업수익, 수익(매출액)"
469900,BS,"자산총계, 자산 총계, 유동자산"
469900,IS,"매출액, 영업수익, 수익(매출액)"
471050,BS,"자산총계, 자산 총계, 유동자산"
471050,IS,"매출액, 영업수익, 수익(매출액)"
472220,BS,"자산총계, 자산 총계, 유동자산"
472220,IS,"매출액, 영업수익, 수익(매출액)"
472230,BS,"자산총계, 자산 총계, 유동자산"
472230,IS,"매출액, 영업수익, 수익(매출액)"
473050,BS,"자산총계, 자산 총계, 유동자산"
473050,IS,"매출액, 영업수익, 수익(매출액)"
473950,BS,"자산총계, 자산 총계, 유동자산"
473950,IS,"매출액, 영업수익, 수익(매출액)"
474490,BS,"자산총계, 자산 총계, 유동자산"
474490,IS,"매출액, 영업수익, 수익(매출액)"
474610,BS,"자산총계, 자산 총계, 유동자산"
474610,IS,"매출액, 영업수익, 수익(매출액)"
474650,BS,"자산총계, 자산 총계, 유동자산"
474650,IS,"매출액, 영업수익, 수익(매출액)"
474930,BS,"자산총계, 자산 총계, 유동자산"
474930,IS,"매출액, 영업수익, 수익(매출액)"
475430,BS,"자산총계, 자산 총계, 유동자산"
475430,IS,"매출액, 영업수익, 수익(매출액)"
475660,BS,"자산총계, 자산 총계, 유동자산"
475660,IS,"매출액, 영업수익, 수익(매출액)"
476060,BS,"자산총계, 자산 총계, 유동자산"
476060,IS,"매출액, 영업수익, 수익(매출액)"
477340,BS,"자산총계, 자산 총계, 유동자산"
477340,IS,"매출액, 영업수익, 수익(매출액)"
477380,BS,"자산총계, 자산 총계, 유동자산"
477380,IS,"매출액, 영업수익, 수익(매출액)"
477470,BS,"자산총계, 자산 총계, 유동자산"
477470,IS,"매출액, 영업수익, 수익(매출액)"
477760,BS,"자산총계, 자산 총계, 유동자산"
477760,IS,"매출액, 영업수익, 수익(매출액)"
478340,BS,"자산총계, 자산 총계, 유동자산"
478340,IS,"매출액, 영업수익, 수익(매출액)"
478390,BS,"자산총계, 자산 총계, 유동자산"
478390,IS,"매출액, 영업수익, 수익(매출액)"
479880,BS,"자산총계, 자산 총계, 유동자산"
479880,IS,"매출액, 영업수익, 수익(매출액)"
479960,BS,"자산총계, 자산 총계, 유동자산"
479960,IS,"매출액, 영업수익, 수익(매출액)"
481890,BS,"자산총계, 자산 총계, 유동자산"
481890,IS,"매출액, 영업수익, 수익(매출액)"
482520,BS,"자산총계, 자산 총계, 유동자산"
482520,IS,"매출액, 영업수익, 수익(매출액)"
482630,BS,"자산총계, 자산 총계, 유동자산"
482630,IS,"매출액, 영업수익, 수익(매출액)"
484130,BS,"자산총계, 자산 총계, 유동자산"
484130,IS,"매출액, 영업수익, 수익(매출액)"
484590,BS,"자산총계, 자산 총계, 유동자산"
484590,IS,"매출액, 영업수익, 수익(매출액)"
484810,BS,"자산총계, 자산 총계, 유동자산"
484810,IS,"매출액, 영업수익, 수익(매출액)"
484870,BS,"자산총계, 자산 총계, 유동자산"
484870,IS,"매출액, 영업수익, 수익(매출액)"
486630,BS,"자산총계, 자산 총계, 유동자산"
486630,IS,"매출액, 영업수익, 수익(매출액)"
487720,BS,"자산총계, 자산 총계, 유동자산"
487720,IS,"매출액, 영업수익, 수익(매출액)"
487830,BS,"자산총계, 자산 총계, 유동자산"
487830,IS,"매출액, 영업수익, 수익(매출액)"
488060,BS,"자산총계, 자산 총계, 유동자산"
488060,IS,"매출액, 영업수익, 수익(매출액)"
488900,BS,"자산총계, 자산 총계, 유동자산"
488900,IS,"매출액, 영업수익, 수익(매출액)"
489210,BS,"자산총계, 자산 총계, 유동자산"
489210,IS,"매출액, 영업수익, 수익(매출액)"
489730,BS,"자산총계, 자산 총계, 유동자산"
489730,IS,"매출액, 영업수익, 수익(매출액)"
492220,BS,"자산총계, 자산 총계, 유동자산"
492220,IS,"매출액, 영업수익, 수익(매출액)"
493280,BS,"자산총계, 자산 총계, 유동자산"
493280,IS,"매출액, 영업수익, 수익(매출액)"
493790,BS,"자산총계, 자산 총계, 유동자산"
493790,IS,"매출액, 영업수익, 수익(매출액)"
496070,BS,"자산총계, 자산 총계, 유동자산"
496070,IS,"매출액, 영업수익, 수익(매출액)"
498390,BS,"자산총계, 자산 총계, 유동자산"
498390,IS,"매출액, 영업수익, 수익(매출액)"
950160,BS,"자산총계, 자산 총계, 유동자산"
950160,IS,"매출액, 영업수익, 수익(매출액)"
