code,adopt,score_1pass,score_2pass,chosen_score
000020,2pass,65.2,67.4,67.4
000040,1pass,88.5,,88.5
000050,1pass,68.1,38.2,68.1
000070,1pass,87.6,,87.6
000080,2pass,62.0,65.0,65.0
000100,1pass,76.8,,76.8
000120,1pass,84.9,,84.9
000140,2pass,59.2,76.1,76.1
000150,1pass,83.5,,83.5
000180,1pass,80.5,,80.5
0001A0,1pass,77.9,,77.9
000210,1pass,45.3,35.8,45.3
000220,1pass,74.5,,74.5
000230,1pass,71.0,,71.0
000240,2pass,63.5,75.6,75.6
000250,1pass,92.2,,92.2
000270,2pass,50.3,88.3,88.3
000300,1pass,67.8,59.6,67.8
000320,1pass,95.3,,95.3
000370,1pass,91.0,,91.0
000390,1pass,88.3,,88.3
000400,1pass,90.1,,90.1
000430,1pass,82.4,,82.4
000440,1pass,81.8,,81.8
000480,1pass,88.8,,88.8
000490,1pass,79.2,,79.2
000500,1pass,72.9,,72.9
000520,1pass,91.0,,91.0
000540,1pass,84.3,,84.3
000590,2pass,56.7,86.2,86.2
000640,1pass,77.5,,77.5
000650,1pass,71.0,,71.0
000660,1pass,92.2,,92.2
000670,2pass,65.9,72.7,72.7
000680,1pass,78.1,,78.1
000700,1pass,95.3,,95.3
000720,1pass,71.6,,71.6
000760,1pass,83.7,,83.7
0007C0,1pass,46.3,40.8,46.3
0007J0,1pass,80.9,,80.9
000810,1pass,36.8,36.2,36.8
000850,1pass,86.5,,86.5
000860,1pass,61.7,60.9,61.7
000880,1pass,77.7,,77.7
000890,1pass,72.1,,72.1
000910,2pass,67.0,73.0,73.0
000950,1pass,64.8,60.2,64.8
000970,1pass,96.7,,96.7
000990,2pass,57.2,72.2,72.2
0009K0,1pass,83.9,,83.9
001000,1pass,88.5,,88.5
001020,2pass,44.4,77.6,77.6
001040,1pass,70.1,,70.1
001060,2pass,61.4,62.3,62.3
001070,1pass,65.9,63.4,65.9
0010F0,1pass,61.8,58.5,61.8
001120,1pass,91.3,,91.3
001130,1pass,85.0,,85.0
0011A0,1pass,76.8,,76.8
001200,1pass,95.3,,95.3
001210,1pass,63.5,62.8,63.5
001230,1pass,76.7,,76.7
001250,2pass,67.2,73.5,73.5
001260,1pass,77.7,,77.7
001270,1pass,92.1,,92.1
001290,1pass,75.4,,75.4
001340,1pass,71.8,,71.8
001360,1pass,70.2,,70.2
001380,2pass,68.5,74.2,74.2
001390,1pass,83.2,,83.2
0013V0,1pass,65.9,61.3,65.9
001420,1pass,79.3,,79.3
001430,1pass,76.5,,76.5
001440,1pass,90.8,,90.8
001450,1pass,84.2,,84.2
001460,1pass,77.6,,77.6
001470,1pass,77.2,,77.2
001500,1pass,87.7,,87.7
001510,1pass,71.8,,71.8
001520,1pass,88.0,,88.0
001530,1pass,69.4,58.0,69.4
001540,2pass,65.1,77.5,77.5
001550,1pass,67.8,67.7,67.8
001560,1pass,83.3,,83.3
001570,1pass,77.2,,77.2
0015G0,1pass,83.2,,83.2
0015N0,1pass,59.8,56.6,59.8
0015S0,1pass,74.3,,74.3
001620,1pass,87.8,,87.8
001630,1pass,81.4,,81.4
001680,1pass,98.4,,98.4
001740,1pass,81.4,,81.4
001750,1pass,70.5,,70.5
001770,1pass,82.6,,82.6
001780,1pass,74.2,,74.2
001790,1pass,86.4,,86.4
001800,1pass,71.9,,71.9
001810,1pass,96.0,,96.0
001820,2pass,60.6,79.0,79.0
001840,2pass,47.7,49.3,49.3
001940,1pass,84.7,,84.7
002020,1pass,84.9,,84.9
002030,1pass,79.3,,79.3
002070,1pass,91.3,,91.3
002100,1pass,68.4,65.1,68.4
002140,1pass,84.7,,84.7
002150,1pass,72.8,,72.8
002170,1pass,85.8,,85.8
002200,1pass,92.5,,92.5
002210,1pass,81.8,,81.8
002220,1pass,82.9,,82.9
002230,1pass,73.1,,73.1
002240,1pass,69.5,67.7,69.5
002290,2pass,59.4,73.0,73.0
002310,1pass,74.5,,74.5
002320,1pass,77.8,,77.8
002350,2pass,58.1,62.0,62.0
002360,1pass,92.5,,92.5
002380,1pass,88.6,,88.6
002390,2pass,64.1,70.4,70.4
002410,1pass,72.2,,72.2
002420,1pass,81.6,,81.6
002450,1pass,83.9,,83.9
002460,1pass,71.3,,71.3
002600,1pass,72.2,,72.2
002620,1pass,86.9,,86.9
002680,1pass,81.5,,81.5
002690,1pass,56.2,52.4,56.2
002700,1pass,78.8,,78.8
002710,1pass,86.8,,86.8
002720,1pass,77.7,,77.7
002760,2pass,43.5,51.4,51.4
002780,1pass,73.5,,73.5
002790,1pass,78.2,,78.2
002800,1pass,85.9,,85.9
002810,1pass,78.0,,78.0
002820,2pass,56.2,57.5,57.5
002840,1pass,86.7,,86.7
002870,1pass,89.2,,89.2
002880,2pass,37.5,41.9,41.9
002900,1pass,84.7,,84.7
002920,1pass,85.9,,85.9
002960,1pass,73.8,,73.8
002990,1pass,41.0,26.4,41.0
003000,1pass,85.0,,85.0
003010,1pass,76.8,,76.8
003030,1pass,75.5,,75.5
003060,1pass,86.0,,86.0
003070,1pass,84.3,,84.3
003080,1pass,84.3,,84.3
003090,1pass,84.3,,84.3
0030R0,1pass,94.0,,94.0
003100,1pass,82.2,,82.2
003120,2pass,65.5,78.6,78.6
003160,1pass,84.3,,84.3
003200,1pass,63.9,59.3,63.9
003220,1pass,83.2,,83.2
003230,1pass,84.8,,84.8
003240,2pass,53.7,72.5,72.5
003280,2pass,54.8,70.3,70.3
003300,1pass,79.6,,79.6
003310,1pass,76.4,,76.4
003350,1pass,88.0,,88.0
003380,1pass,96.8,,96.8
003460,2pass,63.0,72.3,72.3
003470,1pass,98.0,,98.0
003480,2pass,61.0,67.5,67.5
003490,1pass,70.2,,70.2
003520,1pass,85.0,,85.0
003530,1pass,95.7,,95.7
003540,1pass,95.6,,95.6
003550,1pass,81.0,,81.0
003570,1pass,76.1,,76.1
003580,1pass,84.8,,84.8
003620,1pass,78.8,,78.8
003650,1pass,78.5,,78.5
003670,1pass,73.4,,73.4
003680,1pass,82.9,,82.9
003690,1pass,80.7,,80.7
003720,1pass,60.2,50.1,60.2
003780,1pass,81.8,,81.8
003800,1pass,82.3,,82.3
003830,2pass,56.4,65.1,65.1
003850,2pass,69.5,73.5,73.5
003920,1pass,82.6,,82.6
003960,1pass,73.7,,73.7
004000,1pass,91.0,,91.0
004020,1pass,78.2,,78.2
004060,1pass,81.6,,81.6
004080,1pass,67.6,63.5,67.6
004090,1pass,87.2,,87.2
004100,1pass,90.2,,90.2
004140,1pass,83.1,,83.1
004150,1pass,58.5,52.9,58.5
004170,1pass,98.4,,98.4
004250,1pass,85.1,,85.1
004270,1pass,86.7,,86.7
004310,1pass,77.7,,77.7
004360,1pass,98.4,,98.4
004370,1pass,73.5,,73.5
004380,1pass,81.4,,81.4
004410,1pass,53.4,50.0,53.4
004430,1pass,64.9,63.0,64.9
004440,1pass,49.2,46.0,49.2
004450,1pass,81.4,,81.4
004490,1pass,96.8,,96.8
004540,1pass,79.3,,79.3
004560,2pass,66.4,81.4,81.4
004590,1pass,71.3,,71.3
004650,1pass,66.8,65.4,66.8
004690,1pass,81.1,,81.1
004700,1pass,94.6,,94.6
004710,1pass,78.5,,78.5
004720,1pass,75.7,,75.7
004770,2pass,59.9,67.8,67.8
004780,1pass,84.3,,84.3
004800,2pass,59.7,68.8,68.8
004830,1pass,90.5,,90.5
004840,1pass,78.0,,78.0
004870,1pass,85.9,,85.9
004890,1pass,79.5,,79.5
004910,1pass,81.5,,81.5
004920,1pass,85.7,,85.7
004960,1pass,76.8,,76.8
004970,2pass,65.8,74.3,74.3
004980,1pass,73.8,,73.8
004990,1pass,97.2,,97.2
005010,1pass,85.7,,85.7
005030,1pass,71.4,,71.4
005070,1pass,88.5,,88.5
005090,1pass,81.4,,81.4
005110,1pass,96.0,,96.0
005160,1pass,72.2,,72.2
005180,1pass,87.2,,87.2
005250,1pass,83.9,,83.9
005290,1pass,65.2,63.1,65.2
005300,1pass,83.0,,83.0
005320,1pass,86.8,,86.8
005360,1pass,62.4,52.6,62.4
005380,1pass,82.7,,82.7
005420,1pass,88.2,,88.2
005430,1pass,83.9,,83.9
005440,1pass,79.9,,79.9
005490,1pass,85.7,,85.7
005500,1pass,91.8,,91.8
005610,1pass,75.3,,75.3
005670,1pass,91.8,,91.8
005680,1pass,85.1,,85.1
005690,1pass,77.0,,77.0
005710,1pass,87.7,,87.7
005720,2pass,60.9,74.3,74.3
005740,1pass,92.5,,92.5
005750,1pass,73.8,,73.8
005800,1pass,88.6,,88.6
005810,1pass,84.2,,84.2
005820,2pass,46.8,53.0,53.0
005830,1pass,94.5,,94.5
005850,1pass,82.5,,82.5
005860,2pass,58.9,81.8,81.8
005870,1pass,77.7,,77.7
005880,1pass,61.9,55.3,61.9
005930,1pass,85.5,,85.5
005940,1pass,87.6,,87.6
005950,1pass,92.2,,92.2
005960,2pass,61.8,62.1,62.1
005990,1pass,69.7,66.4,69.7
006040,2pass,47.9,48.2,48.2
006050,1pass,87.7,,87.7
006060,1pass,84.7,,84.7
006090,1pass,52.2,49.5,52.2
006110,2pass,56.3,60.2,60.2
006120,1pass,80.9,,80.9
006140,1pass,73.5,,73.5
006200,2pass,55.6,71.4,71.4
006220,1pass,84.0,,84.0
006260,1pass,72.3,,72.3
006280,1pass,75.6,,75.6
006340,1pass,92.2,,92.2
006360,1pass,86.0,,86.0
006370,1pass,80.5,,80.5
006380,1pass,84.3,,84.3
006400,1pass,93.0,,93.0
006490,1pass,79.3,,79.3
006570,1pass,72.9,,72.9
006620,1pass,70.7,,70.7
006650,2pass,61.1,70.5,70.5
006660,1pass,96.0,,96.0
006730,1pass,56.4,50.8,56.4
006740,1pass,56.0,50.4,56.0
006800,1pass,73.8,,73.8
006840,1pass,73.1,,73.1
006880,1pass,71.0,,71.0
006890,1pass,89.8,,89.8
006910,1pass,76.8,,76.8
006920,1pass,71.8,,71.8
006980,1pass,93.0,,93.0
007070,1pass,78.0,,78.0
007110,2pass,31.8,36.8,36.8
007120,1pass,78.0,,78.0
007160,1pass,75.3,,75.3
007210,1pass,62.3,54.7,62.3
007280,2pass,53.1,69.7,69.7
007310,2pass,67.2,76.8,76.8
007330,1pass,90.5,,90.5
007340,2pass,63.5,67.3,67.3
007370,1pass,69.8,57.9,69.8
007390,1pass,58.1,42.2,58.1
007460,1pass,88.3,,88.3
007530,1pass,78.8,,78.8
007540,1pass,83.4,,83.4
007570,1pass,83.1,,83.1
007590,1pass,78.5,,78.5
007610,1pass,79.3,,79.3
007660,1pass,94.2,,94.2
007680,1pass,71.4,,71.4
007690,2pass,55.8,75.9,75.9
007700,1pass,79.0,,79.0
007720,1pass,81.6,,81.6
007770,1pass,92.2,,92.2
007810,2pass,65.9,72.1,72.1
007820,1pass,87.5,,87.5
007860,1pass,79.7,,79.7
007980,1pass,91.8,,91.8
008040,1pass,77.2,,77.2
008060,1pass,97.0,,97.0
008250,1pass,98.0,,98.0
008260,2pass,52.2,59.2,59.2
008290,1pass,85.0,,85.0
0082N0,1pass,86.7,,86.7
008350,2pass,38.5,49.1,49.1
008370,1pass,78.2,,78.2
008420,1pass,70.2,,70.2
008470,1pass,36.0,34.9,36.0
008490,1pass,82.2,,82.2
008500,1pass,71.2,,71.2
008600,2pass,68.9,70.6,70.6
008700,1pass,72.7,,72.7
008730,1pass,85.1,,85.1
008770,1pass,73.8,,73.8
008830,1pass,56.8,50.8,56.8
008930,1pass,78.8,,78.8
008970,1pass,63.1,57.7,63.1
009070,1pass,70.0,,70.0
009140,2pass,63.7,74.3,74.3
009150,1pass,85.1,,85.1
009160,1pass,77.4,,77.4
009180,1pass,84.3,,84.3
009190,1pass,83.5,,83.5
009200,1pass,91.0,,91.0
009240,1pass,83.8,,83.8
009270,1pass,84.9,,84.9
009290,1pass,81.7,,81.7
009300,1pass,89.8,,89.8
009310,1pass,70.7,,70.7
009320,1pass,75.6,,75.6
009410,1pass,94.5,,94.5
009420,1pass,73.5,,73.5
009440,1pass,84.9,,84.9
009450,1pass,88.3,,88.3
009460,1pass,87.7,,87.7
009470,1pass,83.8,,83.8
009520,1pass,84.7,,84.7
009580,2pass,69.7,91.8,91.8
009620,2pass,56.1,69.1,69.1
009680,1pass,71.8,,71.8
009730,1pass,83.1,,83.1
009770,1pass,83.7,,83.7
009780,2pass,57.3,66.8,66.8
009810,1pass,72.3,,72.3
009830,1pass,85.8,,85.8
009900,1pass,81.0,,81.0
009970,2pass,59.4,82.5,82.5
010040,2pass,58.5,63.4,63.4
010060,1pass,70.2,,70.2
010100,1pass,75.5,,75.5
010120,1pass,91.2,,91.2
010130,1pass,74.8,,74.8
010140,1pass,70.1,,70.1
010170,2pass,56.6,57.0,57.0
010240,1pass,66.3,61.8,66.3
010280,2pass,29.7,45.0,45.0
010400,1pass,77.2,,77.2
010470,2pass,49.4,51.6,51.6
010580,1pass,85.4,,85.4
010640,1pass,85.5,,85.5
010660,1pass,77.6,,77.6
010690,1pass,81.9,,81.9
010770,1pass,72.4,,72.4
010780,1pass,97.6,,97.6
010820,1pass,82.5,,82.5
010950,1pass,76.0,,76.0
010960,1pass,77.8,,77.8
011000,1pass,92.2,,92.2
011040,1pass,86.3,,86.3
011070,2pass,68.4,73.9,73.9
011080,1pass,82.2,,82.2
011090,1pass,89.3,,89.3
011150,1pass,83.9,,83.9
011170,1pass,88.9,,88.9
011200,1pass,94.2,,94.2
011210,1pass,89.5,,89.5
011230,1pass,78.0,,78.0
011280,1pass,70.2,,70.2
011300,1pass,70.9,,70.9
011320,1pass,44.3,43.3,44.3
011330,1pass,78.0,,78.0
011370,1pass,34.8,34.4,34.8
011390,1pass,74.8,,74.8
011420,1pass,89.1,,89.1
011500,1pass,95.0,,95.0
011560,1pass,83.5,,83.5
011690,1pass,65.9,61.4,65.9
011700,1pass,92.1,,92.1
011760,1pass,82.2,,82.2
011780,1pass,76.1,,76.1
011790,1pass,81.7,,81.7
011810,1pass,84.8,,84.8
011930,1pass,80.2,,80.2
012030,1pass,75.0,,75.0
0120G0,1pass,50.9,48.5,50.9
012160,1pass,85.5,,85.5
012170,2pass,34.5,36.1,36.1
012200,1pass,95.0,,95.0
012210,1pass,76.5,,76.5
012280,1pass,82.3,,82.3
012320,1pass,78.9,,78.9
012330,1pass,93.8,,93.8
012340,1pass,79.8,,79.8
012450,1pass,70.8,,70.8
012510,1pass,75.5,,75.5
012610,1pass,51.0,49.7,51.0
012620,1pass,82.7,,82.7
012630,1pass,82.0,,82.0
012690,1pass,84.3,,84.3
012700,1pass,81.4,,81.4
012750,1pass,88.9,,88.9
012790,1pass,83.5,,83.5
012800,1pass,91.4,,91.4
012860,1pass,85.2,,85.2
013000,2pass,55.2,57.6,57.6
013030,1pass,56.2,55.6,56.2
013120,1pass,84.0,,84.0
013310,2pass,63.1,64.8,64.8
013360,2pass,62.1,63.9,63.9
013520,1pass,87.8,,87.8
013570,1pass,77.5,,77.5
013580,1pass,85.5,,85.5
013700,1pass,77.2,,77.2
013720,2pass,54.7,57.1,57.1
013810,1pass,84.6,,84.6
013870,1pass,73.5,,73.5
013890,1pass,76.0,,76.0
013990,1pass,77.2,,77.2
014100,1pass,75.7,,75.7
014130,1pass,94.7,,94.7
014160,2pass,69.8,80.0,80.0
014190,1pass,97.6,,97.6
014280,1pass,61.4,59.1,61.4
014440,1pass,95.3,,95.3
014470,2pass,46.5,49.8,49.8
014530,1pass,83.9,,83.9
014570,1pass,89.2,,89.2
014580,1pass,34.2,31.8,34.2
014620,1pass,53.8,53.1,53.8
014680,1pass,80.6,,80.6
014710,1pass,70.5,,70.5
014790,1pass,56.8,41.4,56.8
014820,1pass,41.1,39.6,41.1
014830,1pass,64.2,56.0,64.2
014910,1pass,71.0,,71.0
014940,1pass,60.8,57.5,60.8
014950,1pass,83.8,,83.8
014970,1pass,83.1,,83.1
014990,1pass,78.8,,78.8
015020,2pass,37.3,47.4,47.4
015230,1pass,95.4,,95.4
015260,1pass,70.9,,70.9
015360,2pass,53.0,61.1,61.1
015590,1pass,79.6,,79.6
015710,1pass,85.8,,85.8
015750,1pass,71.3,,71.3
015760,1pass,77.7,,77.7
015860,2pass,56.8,65.7,65.7
015890,1pass,78.6,,78.6
016090,1pass,73.5,,73.5
016100,2pass,44.5,45.9,45.9
016250,1pass,84.9,,84.9
016360,2pass,69.4,71.8,71.8
016380,1pass,80.5,,80.5
016450,1pass,83.5,,83.5
016580,1pass,74.0,,74.0
016590,1pass,84.2,,84.2
016600,1pass,63.2,59.2,63.2
016610,1pass,70.7,,70.7
016670,1pass,85.1,,85.1
016710,1pass,75.8,,75.8
016740,1pass,74.7,,74.7
016790,1pass,45.5,42.2,45.5
016800,2pass,48.8,59.8,59.8
016880,1pass,72.3,,72.3
016920,1pass,72.5,,72.5
017000,1pass,77.7,,77.7
017040,1pass,76.0,,76.0
017180,1pass,90.5,,90.5
017370,2pass,64.5,68.3,68.3
017390,1pass,95.3,,95.3
017480,1pass,76.3,,76.3
017510,1pass,78.5,,78.5
017550,1pass,57.5,52.2,57.5
017650,1pass,87.9,,87.9
017670,1pass,80.5,,80.5
017800,1pass,84.7,,84.7
017810,1pass,79.4,,79.4
017860,2pass,52.2,72.5,72.5
017890,1pass,90.8,,90.8
017900,1pass,71.0,,71.0
017940,1pass,77.2,,77.2
017960,1pass,95.3,,95.3
018000,1pass,91.8,,91.8
018120,1pass,68.9,60.5,68.9
018250,1pass,60.8,44.2,60.8
018260,1pass,88.5,,88.5
018290,1pass,94.2,,94.2
018310,1pass,84.3,,84.3
018470,1pass,80.5,,80.5
018620,1pass,56.5,55.7,56.5
018670,1pass,86.8,,86.8
018680,2pass,69.3,70.6,70.6
018700,1pass,72.5,,72.5
018880,1pass,94.7,,94.7
019010,1pass,83.5,,83.5
019170,1pass,74.8,,74.8
019180,1pass,91.0,,91.0
019210,1pass,80.9,,80.9
019490,1pass,58.1,44.4,58.1
019540,2pass,63.9,70.6,70.6
019550,1pass,89.3,,89.3
019570,1pass,88.2,,88.2
019660,1pass,82.2,,82.2
019680,1pass,85.6,,85.6
019770,1pass,85.5,,85.5
019990,1pass,93.3,,93.3
020000,1pass,84.6,,84.6
020120,1pass,94.0,,94.0
020150,1pass,65.5,53.4,65.5
020400,1pass,80.2,,80.2
020560,1pass,76.7,,76.7
020710,1pass,87.5,,87.5
020760,1pass,80.2,,80.2
021040,2pass,55.6,67.7,67.7
021050,1pass,84.3,,84.3
021080,1pass,83.3,,83.3
021240,1pass,76.4,,76.4
021320,1pass,84.9,,84.9
021650,1pass,58.4,47.6,58.4
022100,1pass,57.9,49.5,57.9
022220,2pass,34.7,49.8,49.8
023000,1pass,81.4,,81.4
023150,2pass,48.4,49.2,49.2
023160,1pass,76.0,,76.0
023350,1pass,57.6,53.0,57.6
023410,1pass,75.4,,75.4
023440,2pass,64.2,70.9,70.9
023450,1pass,80.0,,80.0
023530,1pass,91.8,,91.8
023590,1pass,69.9,64.1,69.9
023600,2pass,37.2,49.8,49.8
023760,1pass,71.5,,71.5
023770,1pass,83.9,,83.9
023790,1pass,77.2,,77.2
023800,1pass,72.1,,72.1
023810,1pass,80.2,,80.2
023900,1pass,41.2,33.7,41.2
023910,1pass,82.7,,82.7
023960,2pass,58.4,64.2,64.2
024060,1pass,94.7,,94.7
024070,1pass,42.6,37.5,42.6
024090,1pass,73.9,,73.9
024110,2pass,52.8,72.5,72.5
024120,1pass,77.5,,77.5
024720,2pass,60.6,64.1,64.1
024740,1pass,82.6,,82.6
024800,1pass,77.7,,77.7
024830,2pass,67.0,91.8,91.8
024840,1pass,36.0,34.1,36.0
024850,1pass,55.6,49.3,55.6
024880,1pass,82.2,,82.2
024890,1pass,82.9,,82.9
024900,1pass,83.9,,83.9
024910,1pass,88.4,,88.4
024940,1pass,80.2,,80.2
024950,2pass,69.7,79.2,79.2
025000,1pass,80.1,,80.1
025320,1pass,61.2,58.5,61.2
025440,1pass,79.8,,79.8
025530,1pass,83.3,,83.3
025540,1pass,76.0,,76.0
025550,1pass,79.3,,79.3
025560,1pass,75.4,,75.4
025620,1pass,70.6,,70.6
025750,2pass,58.1,59.0,59.0
025770,1pass,91.3,,91.3
025820,1pass,71.8,,71.8
025860,1pass,81.1,,81.1
025870,1pass,83.1,,83.1
025880,1pass,85.0,,85.0
025890,1pass,76.3,,76.3
025900,1pass,72.0,,72.0
025950,2pass,46.0,53.5,53.5
025980,1pass,78.5,,78.5
026040,1pass,72.8,,72.8
026150,2pass,65.2,67.4,67.4
026890,2pass,56.0,64.0,64.0
026910,1pass,78.9,,78.9
026940,1pass,88.0,,88.0
026960,1pass,76.8,,76.8
027040,1pass,79.9,,79.9
027050,1pass,80.8,,80.8
027360,1pass,51.1,44.4,51.1
027410,2pass,64.8,78.1,78.1
027580,1pass,42.0,41.4,42.0
027710,1pass,77.2,,77.2
027740,1pass,78.7,,78.7
027830,2pass,56.0,61.2,61.2
027970,1pass,98.4,,98.4
028050,2pass,61.9,72.6,72.6
028080,1pass,73.2,,73.2
028100,1pass,80.6,,80.6
028260,1pass,97.2,,97.2
028300,1pass,86.7,,86.7
028670,1pass,84.9,,84.9
029460,1pass,83.8,,83.8
029480,1pass,39.3,39.1,39.3
029530,1pass,82.3,,82.3
029780,1pass,75.6,,75.6
030000,1pass,85.8,,85.8
030190,1pass,70.8,,70.8
030200,1pass,75.2,,75.2
030210,1pass,63.5,59.2,63.5
030350,1pass,71.5,,71.5
030520,1pass,76.8,,76.8
030530,1pass,79.0,,79.0
030610,1pass,65.2,63.5,65.2
030720,2pass,61.2,61.4,61.4
031210,1pass,96.0,,96.0
031310,1pass,75.7,,75.7
031330,1pass,95.3,,95.3
031430,1pass,78.9,,78.9
031440,1pass,91.8,,91.8
031510,1pass,64.7,64.7,64.7
031820,1pass,94.0,,94.0
031860,1pass,74.3,,74.3
031980,1pass,93.3,,93.3
032080,1pass,81.6,,81.6
032190,1pass,75.8,,75.8
032280,2pass,46.5,88.8,88.8
032300,1pass,89.5,,89.5
032350,1pass,83.0,,83.0
032500,1pass,79.8,,79.8
032540,1pass,97.6,,97.6
032560,2pass,65.2,76.0,76.0
032580,1pass,90.3,,90.3
032620,1pass,70.8,,70.8
032640,1pass,85.0,,85.0
032680,1pass,79.3,,79.3
032750,1pass,91.7,,91.7
032790,1pass,61.8,58.8,61.8
032820,2pass,49.5,61.8,61.8
032830,1pass,83.4,,83.4
032850,1pass,75.9,,75.9
032860,1pass,49.0,35.1,49.0
032940,1pass,74.4,,74.4
032960,1pass,80.2,,80.2
032980,1pass,66.8,58.3,66.8
033050,1pass,79.0,,79.0
033100,1pass,77.2,,77.2
033130,1pass,86.4,,86.4
033160,1pass,85.1,,85.1
033170,1pass,85.9,,85.9
033230,2pass,66.8,77.5,77.5
033240,1pass,92.2,,92.2
033250,1pass,84.6,,84.6
033270,1pass,64.3,39.6,64.3
033290,1pass,69.2,57.7,69.2
033310,1pass,83.9,,83.9
033320,2pass,51.4,55.6,55.6
033340,1pass,82.3,,82.3
033500,1pass,92.5,,92.5
033530,1pass,91.0,,91.0
033540,2pass,65.1,66.0,66.0
033560,1pass,93.0,,93.0
033640,1pass,86.8,,86.8
033780,1pass,76.7,,76.7
033790,1pass,92.2,,92.2
033830,1pass,80.2,,80.2
033920,1pass,87.3,,87.3
034020,1pass,70.2,,70.2
034120,1pass,77.7,,77.7
034220,1pass,92.5,,92.5
034230,1pass,59.2,55.2,59.2
034310,1pass,80.7,,80.7
034590,2pass,63.0,73.9,73.9
034730,1pass,85.8,,85.8
034810,1pass,72.2,,72.2
034830,1pass,73.0,,73.0
034940,2pass,62.7,69.4,69.4
034950,1pass,76.3,,76.3
035000,1pass,98.4,,98.4
035080,1pass,80.0,,80.0
035150,2pass,67.9,81.2,81.2
035200,1pass,71.8,,71.8
035250,1pass,73.2,,73.2
035290,1pass,89.0,,89.0
035420,1pass,94.7,,94.7
035460,2pass,30.1,40.7,40.7
035510,1pass,83.2,,83.2
035600,1pass,60.2,51.1,60.2
035610,2pass,48.5,53.4,53.4
035620,1pass,91.3,,91.3
035720,1pass,80.2,,80.2
035760,1pass,72.1,,72.1
035810,1pass,92.2,,92.2
035890,2pass,69.0,69.3,69.3
035900,1pass,84.9,,84.9
036000,1pass,57.2,56.0,57.2
036010,1pass,83.9,,83.9
036030,1pass,98.4,,98.4
036090,2pass,61.0,67.7,67.7
036120,1pass,74.7,,74.7
036170,1pass,78.9,,78.9
036190,1pass,58.6,54.3,58.6
036200,1pass,82.2,,82.2
036220,2pass,67.7,73.8,73.8
036420,1pass,86.3,,86.3
036460,1pass,85.1,,85.1
036480,1pass,64.7,58.9,64.7
036530,1pass,79.8,,79.8
036540,1pass,82.9,,82.9
036560,1pass,78.0,,78.0
036570,1pass,82.6,,82.6
036580,1pass,84.2,,84.2
036620,1pass,82.2,,82.2
036630,1pass,77.7,,77.7
036640,1pass,83.4,,83.4
036670,2pass,58.5,61.8,61.8
036690,1pass,79.8,,79.8
036710,1pass,78.5,,78.5
036800,2pass,55.2,57.4,57.4
036810,1pass,74.0,,74.0
036830,1pass,88.2,,88.2
036890,1pass,82.6,,82.6
036930,1pass,84.7,,84.7
037030,1pass,82.2,,82.2
037070,1pass,75.2,,75.2
037230,1pass,80.9,,80.9
037270,1pass,58.0,49.2,58.0
037330,2pass,49.4,55.3,55.3
037350,1pass,56.2,51.3,56.2
037370,1pass,71.2,,71.2
037400,1pass,77.3,,77.3
037440,1pass,40.1,33.3,40.1
037460,1pass,73.5,,73.5
037560,1pass,91.7,,91.7
037710,1pass,96.2,,96.2
037760,2pass,60.4,66.5,66.5
037950,1pass,64.5,45.6,64.5
038010,2pass,60.2,69.2,69.2
038060,2pass,50.2,68.0,68.0
038070,1pass,82.5,,82.5
038110,2pass,58.9,70.0,70.0
038290,2pass,66.9,78.0,78.0
038390,1pass,92.2,,92.2
038460,1pass,61.1,51.0,61.1
038500,1pass,72.2,,72.2
038530,1pass,77.7,,77.7
038540,2pass,59.0,73.5,73.5
038620,1pass,82.5,,82.5
038680,1pass,98.4,,98.4
038870,1pass,58.5,53.9,58.5
038880,1pass,72.5,,72.5
038950,1pass,68.9,65.5,68.9
039010,1pass,80.7,,80.7
039020,1pass,93.8,,93.8
039030,1pass,78.0,,78.0
039130,1pass,59.8,56.4,59.8
039200,1pass,81.8,,81.8
039240,2pass,44.9,59.3,59.3
039290,1pass,82.0,,82.0
039310,1pass,53.5,43.5,53.5
039340,1pass,93.3,,93.3
039420,2pass,67.6,69.3,69.3
039440,1pass,93.8,,93.8
039490,2pass,64.7,71.7,71.7
039560,2pass,55.8,68.4,68.4
039570,1pass,78.5,,78.5
039610,1pass,90.2,,90.2
039740,1pass,70.2,,70.2
039830,1pass,79.8,,79.8
039840,1pass,69.2,60.1,69.2
039860,1pass,76.4,,76.4
039980,1pass,81.9,,81.9
040160,1pass,65.5,60.8,65.5
040300,1pass,79.2,,79.2
040350,2pass,52.8,58.0,58.0
040420,1pass,82.3,,82.3
040610,2pass,64.1,86.2,86.2
040910,1pass,74.5,,74.5
041020,1pass,91.3,,91.3
041190,1pass,71.2,,71.2
041440,1pass,88.1,,88.1
041460,2pass,64.5,71.2,71.2
041510,1pass,75.7,,75.7
041520,1pass,71.0,,71.0
041590,1pass,74.0,,74.0
041650,1pass,87.2,,87.2
041830,1pass,78.0,,78.0
041910,1pass,76.2,,76.2
041920,1pass,80.0,,80.0
041930,2pass,53.5,54.9,54.9
041960,1pass,82.0,,82.0
042000,1pass,81.5,,81.5
042040,1pass,83.9,,83.9
042110,1pass,75.1,,75.1
042370,1pass,76.8,,76.8
042420,2pass,69.8,86.9,86.9
042500,1pass,81.4,,81.4
042510,1pass,83.6,,83.6
042600,1pass,82.2,,82.2
042660,1pass,94.7,,94.7
042700,1pass,81.9,,81.9
042940,2pass,56.3,72.5,72.5
043090,2pass,42.4,75.3,75.3
043100,2pass,31.8,41.1,41.1
043150,1pass,81.2,,81.2
043200,1pass,82.7,,82.7
043220,1pass,75.6,,75.6
043260,1pass,51.4,36.5,51.4
043340,2pass,38.1,71.2,71.2
043360,1pass,88.3,,88.3
043370,1pass,87.0,,87.0
043590,1pass,79.4,,79.4
043610,1pass,84.2,,84.2
043650,1pass,40.6,23.8,40.6
043710,2pass,49.7,54.0,54.0
043910,1pass,71.2,,71.2
044180,2pass,64.6,78.3,78.3
044340,1pass,73.2,,73.2
044380,2pass,59.2,67.1,67.1
044450,1pass,86.8,,86.8
044480,1pass,63.5,63.1,63.5
044490,1pass,70.2,,70.2
044780,1pass,81.6,,81.6
044820,1pass,64.6,64.2,64.6
044960,1pass,82.8,,82.8
044990,1pass,91.0,,91.0
045060,1pass,81.8,,81.8
045100,1pass,80.5,,80.5
045300,1pass,61.4,56.0,61.4
045340,1pass,88.5,,88.5
045390,1pass,83.5,,83.5
045510,1pass,96.0,,96.0
045520,1pass,89.3,,89.3
045660,1pass,89.0,,89.0
045970,2pass,68.4,73.1,73.1
046070,1pass,88.3,,88.3
046120,1pass,95.4,,95.4
046210,1pass,76.8,,76.8
046310,1pass,77.2,,77.2
046390,1pass,82.2,,82.2
046440,1pass,86.8,,86.8
046890,1pass,79.3,,79.3
046940,1pass,95.3,,95.3
046970,1pass,78.0,,78.0
047040,1pass,66.0,46.0,66.0
047050,1pass,83.1,,83.1
047080,1pass,79.3,,79.3
047310,1pass,86.8,,86.8
047400,1pass,81.0,,81.0
047560,1pass,86.2,,86.2
047770,1pass,85.6,,85.6
047810,1pass,59.7,50.4,59.7
047820,2pass,60.1,73.0,73.0
047920,1pass,96.0,,96.0
048410,1pass,74.4,,74.4
048430,1pass,83.3,,83.3
048470,1pass,91.0,,91.0
048530,1pass,82.2,,82.2
048550,1pass,94.2,,94.2
048770,1pass,87.9,,87.9
048830,1pass,83.3,,83.3
048870,1pass,79.2,,79.2
048910,1pass,81.9,,81.9
049070,1pass,70.6,,70.6
049080,1pass,85.6,,85.6
049120,1pass,83.9,,83.9
049180,1pass,81.4,,81.4
049470,2pass,57.8,59.2,59.2
049480,1pass,69.2,50.6,69.2
049520,1pass,73.7,,73.7
049550,1pass,86.3,,86.3
049630,1pass,93.0,,93.0
049720,1pass,97.6,,97.6
049800,1pass,83.3,,83.3
049830,1pass,78.8,,78.8
049950,2pass,34.7,41.9,41.9
049960,1pass,86.3,,86.3
050090,1pass,87.3,,87.3
050110,2pass,64.0,80.5,80.5
050120,1pass,87.0,,87.0
050760,1pass,83.8,,83.8
050890,1pass,83.5,,83.5
050960,1pass,82.6,,82.6
051160,1pass,84.9,,84.9
051360,1pass,82.2,,82.2
051370,1pass,84.7,,84.7
051380,1pass,98.4,,98.4
051390,1pass,73.4,,73.4
051490,1pass,95.3,,95.3
051500,1pass,87.5,,87.5
051600,1pass,77.1,,77.1
051630,1pass,84.8,,84.8
051780,1pass,73.7,,73.7
051900,1pass,92.2,,92.2
051910,1pass,91.8,,91.8
051980,2pass,67.7,79.8,79.8
052020,1pass,66.2,66.0,66.2
052220,1pass,44.0,40.3,44.0
052260,1pass,94.5,,94.5
052300,1pass,75.7,,75.7
052330,1pass,73.9,,73.9
052400,1pass,81.9,,81.9
052420,1pass,70.9,,70.9
052460,2pass,66.8,80.2,80.2
052600,1pass,78.7,,78.7
052690,1pass,73.2,,73.2
052710,1pass,77.7,,77.7
052770,1pass,98.4,,98.4
052790,1pass,76.8,,76.8
052860,2pass,44.4,54.5,54.5
052900,2pass,64.0,67.2,67.2
053030,2pass,63.8,74.6,74.6
053050,1pass,86.9,,86.9
053060,1pass,82.9,,82.9
053080,1pass,77.7,,77.7
053160,2pass,67.5,73.9,73.9
053210,1pass,91.0,,91.0
053260,1pass,88.2,,88.2
053270,1pass,71.8,,71.8
053280,1pass,83.9,,83.9
053290,1pass,76.4,,76.4
053300,2pass,69.6,76.7,76.7
053350,1pass,98.0,,98.0
053450,1pass,87.1,,87.1
053580,1pass,84.7,,84.7
053610,1pass,70.2,,70.2
053620,1pass,70.1,,70.1
053690,1pass,82.3,,82.3
053700,1pass,74.1,,74.1
053800,1pass,90.0,,90.0
053950,1pass,81.5,,81.5
053980,2pass,68.5,72.6,72.6
054040,1pass,73.5,,73.5
054050,1pass,89.5,,89.5
054090,1pass,81.2,,81.2
054180,1pass,79.2,,79.2
054210,1pass,79.4,,79.4
054220,1pass,86.0,,86.0
054300,1pass,70.6,,70.6
054410,1pass,46.5,36.0,46.5
054450,1pass,63.4,58.6,63.4
054540,1pass,75.9,,75.9
054620,2pass,59.5,61.5,61.5
054670,1pass,74.2,,74.2
054780,2pass,30.1,35.7,35.7
054800,2pass,54.2,68.0,68.0
054920,1pass,67.9,63.4,67.9
054930,1pass,81.9,,81.9
054940,1pass,80.1,,80.1
054950,1pass,82.5,,82.5
055490,1pass,86.6,,86.6
055550,1pass,79.0,,79.0
056080,1pass,83.5,,83.5
056090,1pass,56.4,48.0,56.4
056190,1pass,88.9,,88.9
056360,2pass,58.6,61.0,61.0
056700,1pass,95.8,,95.8
056730,1pass,74.3,,74.3
057030,1pass,59.7,50.5,59.7
057050,1pass,98.4,,98.4
057540,2pass,65.5,80.1,80.1
057680,2pass,61.8,63.5,63.5
058110,1pass,64.7,60.2,64.7
058400,1pass,84.7,,84.7
058430,1pass,80.2,,80.2
058450,2pass,55.6,65.7,65.7
058470,1pass,97.2,,97.2
058610,1pass,91.8,,91.8
058630,1pass,78.6,,78.6
058650,1pass,83.3,,83.3
058730,1pass,39.0,27.4,39.0
058820,1pass,82.6,,82.6
058850,1pass,74.8,,74.8
058860,1pass,81.4,,81.4
058970,1pass,84.9,,84.9
059090,1pass,58.1,56.6,58.1
059100,1pass,85.8,,85.8
059120,1pass,59.5,58.9,59.5
059210,2pass,68.1,70.7,70.7
059270,1pass,83.9,,83.9
060150,1pass,71.8,,71.8
060230,1pass,74.0,,74.0
060240,1pass,74.5,,74.5
060250,2pass,43.0,46.2,46.2
060260,1pass,86.8,,86.8
060280,1pass,90.3,,90.3
060370,1pass,79.8,,79.8
060380,1pass,66.7,58.0,66.7
060480,1pass,65.0,56.8,65.0
060540,1pass,76.8,,76.8
060560,1pass,50.0,46.0,50.0
060570,2pass,61.0,63.9,63.9
060590,1pass,83.0,,83.0
060720,1pass,82.0,,82.0
060850,1pass,64.1,63.1,64.1
060900,2pass,52.3,61.1,61.1
060980,1pass,73.0,,73.0
061040,1pass,72.1,,72.1
061090,1pass,98.4,,98.4
061250,1pass,91.0,,91.0
061970,1pass,77.8,,77.8
062040,1pass,83.6,,83.6
062970,1pass,77.9,,77.9
063080,1pass,95.2,,95.2
063160,1pass,83.5,,83.5
063170,1pass,71.0,,71.0
063440,1pass,76.3,,76.3
063570,2pass,29.7,57.1,57.1
063760,1pass,88.7,,88.7
064090,1pass,80.7,,80.7
064240,1pass,82.3,,82.3
064260,1pass,78.4,,78.4
064290,1pass,84.1,,84.1
064350,1pass,54.1,50.5,54.1
064400,1pass,52.1,52.1,52.1
064480,1pass,57.6,52.2,57.6
064520,1pass,70.6,,70.6
064550,1pass,63.5,61.8,63.5
064760,1pass,70.8,,70.8
064800,1pass,93.0,,93.0
064820,1pass,76.7,,76.7
064850,1pass,0.0,0.0,0.0
064960,1pass,84.2,,84.2
065060,2pass,53.5,77.8,77.8
065130,2pass,68.3,68.7,68.7
065150,1pass,82.9,,82.9
065170,1pass,86.7,,86.7
065350,1pass,57.8,48.5,57.8
065370,2pass,60.0,89.7,89.7
065420,1pass,60.0,55.1,60.0
065440,1pass,53.2,40.5,53.2
065450,1pass,82.1,,82.1
065500,1pass,83.1,,83.1
065510,2pass,62.0,74.2,74.2
065530,1pass,80.2,,80.2
065570,1pass,67.9,58.5,67.9
065650,1pass,95.3,,95.3
065660,2pass,53.5,61.4,61.4
065680,1pass,81.8,,81.8
065690,1pass,59.8,58.9,59.8
065710,1pass,82.1,,82.1
065770,1pass,91.0,,91.0
065950,1pass,98.4,,98.4
066130,1pass,87.5,,87.5
066310,1pass,82.3,,82.3
066360,1pass,80.5,,80.5
066410,2pass,65.2,77.9,77.9
066430,1pass,66.8,65.1,66.8
066570,1pass,71.4,,71.4
066590,2pass,43.5,46.1,46.1
066620,1pass,85.1,,85.1
066670,1pass,80.9,,80.9
066700,2pass,64.3,66.3,66.3
066790,1pass,96.0,,96.0
066900,1pass,75.5,,75.5
066910,2pass,50.0,51.8,51.8
066970,1pass,59.8,54.0,59.8
066980,1pass,65.2,63.0,65.2
067000,1pass,82.0,,82.0
067080,1pass,75.6,,75.6
067160,1pass,89.7,,89.7
067170,1pass,80.2,,80.2
067280,1pass,75.0,,75.0
067290,1pass,41.4,40.5,41.4
067310,1pass,84.1,,84.1
067370,1pass,58.9,46.9,58.9
067390,1pass,70.6,,70.6
067570,1pass,72.3,,72.3
067630,1pass,82.3,,82.3
067730,1pass,96.7,,96.7
067770,1pass,62.1,49.0,62.1
067830,2pass,53.1,56.6,56.6
067900,1pass,75.8,,75.8
067920,1pass,84.3,,84.3
067990,1pass,82.2,,82.2
068050,1pass,73.8,,73.8
068240,1pass,65.5,62.3,65.5
068270,1pass,75.7,,75.7
068290,1pass,71.3,,71.3
068330,1pass,86.9,,86.9
068760,1pass,79.5,,79.5
068790,1pass,96.5,,96.5
068930,1pass,74.0,,74.0
068940,1pass,79.8,,79.8
069080,1pass,68.8,50.9,68.8
069140,2pass,67.5,75.5,75.5
069260,1pass,61.8,58.1,61.8
069330,1pass,72.2,,72.2
069410,2pass,64.3,67.7,67.7
069460,2pass,62.7,65.2,65.2
069510,1pass,86.5,,86.5
069540,1pass,83.9,,83.9
069620,1pass,84.3,,84.3
069640,1pass,85.4,,85.4
069730,1pass,83.9,,83.9
069920,1pass,73.3,,73.3
069960,1pass,80.9,,80.9
070300,1pass,75.2,,75.2
070590,1pass,81.0,,81.0
070960,1pass,75.2,,75.2
071050,1pass,74.4,,74.4
071090,1pass,82.6,,82.6
071200,2pass,67.0,89.6,89.6
071280,2pass,62.3,63.9,63.9
071320,1pass,88.3,,88.3
071670,1pass,74.6,,74.6
071840,1pass,77.9,,77.9
071850,2pass,64.7,79.4,79.4
071950,1pass,59.3,39.9,59.3
071970,1pass,85.5,,85.5
072020,1pass,77.8,,77.8
072130,1pass,92.5,,92.5
072470,1pass,81.0,,81.0
072710,1pass,78.2,,78.2
072770,1pass,79.8,,79.8
072870,1pass,83.5,,83.5
072950,1pass,74.5,,74.5
072990,1pass,64.5,62.5,64.5
073010,1pass,74.5,,74.5
073110,1pass,70.5,,70.5
073190,1pass,73.5,,73.5
073240,1pass,84.1,,84.1
073490,2pass,65.1,85.5,85.5
073540,1pass,89.8,,89.8
073560,1pass,60.4,51.9,60.4
073570,1pass,69.0,60.6,69.0
073640,1pass,77.2,,77.2
074430,1pass,74.5,,74.5
074600,1pass,75.2,,75.2
074610,1pass,81.2,,81.2
075130,1pass,77.2,,77.2
075180,1pass,46.0,40.2,46.0
075580,2pass,50.1,65.4,65.4
075970,1pass,79.3,,79.3
076080,1pass,76.8,,76.8
076610,1pass,78.5,,78.5
077360,1pass,91.5,,91.5
077500,1pass,69.7,56.5,69.7
077970,1pass,81.5,,81.5
078000,1pass,65.9,65.9,65.9
078020,1pass,90.0,,90.0
078070,1pass,81.8,,81.8
078130,1pass,43.8,36.9,43.8
078140,1pass,81.0,,81.0
078150,1pass,62.2,60.7,62.2
078160,1pass,81.5,,81.5
078340,1pass,94.7,,94.7
078350,1pass,87.9,,87.9
078520,1pass,86.2,,86.2
078590,1pass,60.8,52.4,60.8
078600,1pass,75.1,,75.1
078860,2pass,48.8,49.4,49.4
078890,1pass,78.9,,78.9
078930,2pass,68.9,79.7,79.7
079000,1pass,83.9,,83.9
079160,1pass,73.8,,73.8
079170,1pass,82.9,,82.9
079190,1pass,81.0,,81.0
079370,1pass,83.5,,83.5
079430,2pass,69.7,71.0,71.0
079550,1pass,76.4,,76.4
079650,1pass,82.2,,82.2
079810,1pass,81.4,,81.4
079900,1pass,84.7,,84.7
079940,1pass,74.3,,74.3
079950,2pass,55.2,57.7,57.7
079960,1pass,85.5,,85.5
079970,1pass,79.0,,79.0
079980,1pass,82.2,,82.2
080010,1pass,73.0,,73.0
080160,1pass,79.2,,79.2
080220,1pass,85.6,,85.6
080420,1pass,81.2,,81.2
080470,1pass,85.9,,85.9
080520,1pass,97.9,,97.9
080530,1pass,46.9,39.0,46.9
080580,1pass,91.0,,91.0
080720,2pass,45.1,51.5,51.5
081000,1pass,91.7,,91.7
081150,1pass,74.7,,74.7
081180,1pass,75.9,,75.9
081580,1pass,82.2,,82.2
081660,1pass,95.3,,95.3
082210,1pass,77.1,,77.1
082270,1pass,75.5,,75.5
082640,1pass,97.2,,97.2
082660,1pass,43.9,35.8,43.9
082740,1pass,98.4,,98.4
082800,1pass,91.0,,91.0
082850,1pass,73.1,,73.1
082920,1pass,75.5,,75.5
083310,1pass,60.5,60.0,60.5
083420,1pass,83.5,,83.5
083450,1pass,88.8,,88.8
083470,1pass,84.8,,84.8
083500,1pass,61.0,60.5,61.0
083550,1pass,65.3,53.0,65.3
083640,1pass,94.2,,94.2
083650,1pass,72.2,,72.2
083660,1pass,84.7,,84.7
083790,2pass,59.4,65.9,65.9
083930,1pass,90.5,,90.5
084010,1pass,96.8,,96.8
084110,1pass,57.0,47.3,57.0
084180,1pass,71.9,,71.9
084370,1pass,90.1,,90.1
084650,1pass,79.4,,79.4
084670,1pass,77.6,,77.6
084680,1pass,76.9,,76.9
084690,1pass,97.6,,97.6
084730,2pass,55.9,56.7,56.7
084850,1pass,97.6,,97.6
084870,1pass,87.7,,87.7
084990,1pass,83.3,,83.3
085310,1pass,81.3,,81.3
085620,1pass,77.7,,77.7
085660,1pass,70.6,,70.6
085670,1pass,83.9,,83.9
085810,1pass,76.9,,76.9
085910,1pass,81.0,,81.0
086040,1pass,82.7,,82.7
086060,1pass,85.5,,85.5
086280,1pass,92.2,,92.2
086390,1pass,85.8,,85.8
086450,1pass,71.0,,71.0
086520,2pass,61.6,64.0,64.0
086670,1pass,80.5,,80.5
086710,1pass,75.0,,75.0
086790,1pass,83.1,,83.1
086820,2pass,64.7,70.5,70.5
086890,1pass,78.2,,78.2
086900,1pass,83.9,,83.9
086960,1pass,76.8,,76.8
086980,1pass,96.7,,96.7
087010,2pass,69.0,72.2,72.2
087260,1pass,90.2,,90.2
087600,2pass,53.4,66.3,66.3
088130,1pass,64.7,60.6,64.7
088260,1pass,79.6,,79.6
088280,2pass,61.0,67.0,67.0
088290,1pass,98.4,,98.4
088340,1pass,73.4,,73.4
088350,1pass,77.2,,77.2
088390,1pass,85.6,,85.6
088790,1pass,97.6,,97.6
088800,1pass,73.8,,73.8
088910,1pass,72.6,,72.6
089010,2pass,69.4,70.2,70.2
089030,1pass,89.8,,89.8
089140,1pass,79.3,,79.3
089150,1pass,79.4,,79.4
089230,1pass,87.0,,87.0
089470,1pass,98.4,,98.4
089590,1pass,84.8,,84.8
089600,1pass,83.8,,83.8
089790,2pass,34.5,41.2,41.2
089850,2pass,62.5,77.5,77.5
089860,1pass,94.2,,94.2
089890,1pass,93.8,,93.8
089970,1pass,80.0,,80.0
089980,1pass,79.8,,79.8
090080,2pass,50.5,62.2,62.2
090150,1pass,91.3,,91.3
090350,1pass,82.7,,82.7
090360,2pass,58.9,68.0,68.0
090370,1pass,85.0,,85.0
090410,1pass,95.3,,95.3
090430,1pass,85.4,,85.4
090460,1pass,61.2,57.5,61.2
090470,1pass,88.5,,88.5
090710,2pass,36.3,78.0,78.0
090850,1pass,69.0,67.8,69.0
091120,1pass,81.6,,81.6
091340,1pass,91.7,,91.7
091440,1pass,78.4,,78.4
091580,1pass,78.2,,78.2
091590,1pass,62.9,57.7,62.9
091700,1pass,83.0,,83.0
091810,1pass,85.0,,85.0
091970,1pass,72.3,,72.3
092040,1pass,73.2,,73.2
092070,1pass,80.8,,80.8
092130,1pass,76.8,,76.8
092190,1pass,73.4,,73.4
092200,2pass,65.1,65.8,65.8
092220,1pass,78.8,,78.8
092230,1pass,85.4,,85.4
092300,1pass,80.2,,80.2
092460,1pass,92.5,,92.5
092600,1pass,94.9,,94.9
092730,1pass,88.3,,88.3
092780,1pass,89.6,,89.6
092790,1pass,87.5,,87.5
092870,1pass,83.8,,83.8
093050,1pass,78.2,,78.2
093190,1pass,82.5,,82.5
093320,1pass,93.4,,93.4
093370,1pass,71.3,,71.3
093520,1pass,78.9,,78.9
093640,1pass,84.6,,84.6
093920,1pass,78.1,,78.1
094170,1pass,78.5,,78.5
094280,1pass,76.9,,76.9
094360,1pass,98.4,,98.4
094480,1pass,81.0,,81.0
094820,1pass,79.8,,79.8
094840,1pass,81.8,,81.8
094850,1pass,73.9,,73.9
094860,1pass,79.2,,79.2
094940,1pass,72.7,,72.7
094970,1pass,76.0,,76.0
095190,2pass,53.5,55.2,55.2
095270,1pass,52.6,48.9,52.6
095340,1pass,94.2,,94.2
095500,1pass,73.6,,73.6
095570,1pass,81.8,,81.8
095610,1pass,93.8,,93.8
095660,1pass,94.1,,94.1
095700,1pass,80.2,,80.2
095720,1pass,93.3,,93.3
095910,1pass,74.7,,74.7
096240,1pass,78.0,,78.0
096250,1pass,80.0,,80.0
096350,1pass,74.6,,74.6
096530,1pass,82.6,,82.6
096610,1pass,87.9,,87.9
096630,1pass,95.3,,95.3
096690,2pass,65.7,66.9,66.9
096760,1pass,76.7,,76.7
096770,1pass,88.7,,88.7
096870,1pass,76.6,,76.6
097230,1pass,70.6,,70.6
097520,1pass,68.5,62.7,68.5
097780,1pass,72.3,,72.3
097800,1pass,75.2,,75.2
097950,2pass,48.5,53.1,53.1
098070,1pass,84.7,,84.7
098120,1pass,75.2,,75.2
098460,2pass,67.6,78.4,78.4
098660,1pass,54.7,39.2,54.7
099190,1pass,81.8,,81.8
099220,1pass,80.3,,80.3
099320,1pass,95.0,,95.0
099390,1pass,75.1,,75.1
099410,1pass,85.2,,85.2
099430,1pass,76.0,,76.0
099440,1pass,81.0,,81.0
099520,1pass,69.7,48.1,69.7
100030,2pass,38.9,46.3,46.3
100090,2pass,69.3,73.1,73.1
100120,1pass,70.6,,70.6
100130,1pass,86.0,,86.0
100220,1pass,87.8,,87.8
100250,1pass,69.7,67.4,69.7
100590,1pass,83.5,,83.5
100660,1pass,76.8,,76.8
100700,1pass,79.8,,79.8
100790,1pass,82.2,,82.2
100840,1pass,78.3,,78.3
101000,1pass,80.1,,80.1
101140,1pass,84.7,,84.7
101160,1pass,88.7,,88.7
101170,1pass,78.1,,78.1
101240,2pass,42.3,43.9,43.9
101330,1pass,56.7,55.5,56.7
101360,1pass,93.8,,93.8
101390,2pass,41.2,59.4,59.4
101400,1pass,72.3,,72.3
101490,1pass,74.2,,74.2
101530,1pass,77.8,,77.8
101670,1pass,91.8,,91.8
101680,1pass,79.0,,79.0
101730,1pass,80.7,,80.7
101930,1pass,79.2,,79.2
101970,1pass,41.2,38.2,41.2
102120,1pass,79.0,,79.0
102260,1pass,87.2,,87.2
102370,1pass,77.5,,77.5
102460,1pass,77.5,,77.5
102710,1pass,83.8,,83.8
102940,1pass,75.2,,75.2
103140,1pass,98.0,,98.0
103230,1pass,59.7,58.9,59.7
103590,1pass,78.0,,78.0
103840,1pass,85.2,,85.2
104040,1pass,75.8,,75.8
104200,1pass,92.5,,92.5
104460,1pass,95.4,,95.4
104480,1pass,75.6,,75.6
104540,2pass,69.7,78.9,78.9
104620,2pass,59.8,97.2,97.2
104700,1pass,66.4,63.9,66.4
104830,1pass,76.9,,76.9
105330,1pass,80.2,,80.2
105550,1pass,76.8,,76.8
105560,1pass,85.5,,85.5
105630,1pass,88.2,,88.2
105740,1pass,85.2,,85.2
105760,1pass,74.7,,74.7
105840,1pass,93.8,,93.8
106080,1pass,51.0,50.1,51.0
106190,1pass,84.7,,84.7
106240,1pass,81.5,,81.5
106520,1pass,72.8,,72.8
107590,1pass,87.6,,87.6
107600,1pass,79.2,,79.2
107640,2pass,56.0,71.6,71.6
108230,1pass,73.9,,73.9
108320,1pass,98.4,,98.4
108380,2pass,34.5,37.5,37.5
108490,1pass,75.2,,75.2
108670,1pass,84.2,,84.2
108860,1pass,87.9,,87.9
109070,2pass,30.1,37.5,37.5
109080,1pass,84.2,,84.2
109610,1pass,89.2,,89.2
109670,1pass,78.8,,78.8
109740,1pass,78.2,,78.2
109820,1pass,85.8,,85.8
109860,1pass,50.0,48.6,50.0
109960,2pass,57.7,62.0,62.0
110020,1pass,66.1,53.7,66.1
110790,1pass,76.1,,76.1
110990,1pass,79.7,,79.7
111110,1pass,82.4,,82.4
111380,1pass,82.2,,82.2
111710,1pass,74.1,,74.1
111770,1pass,80.2,,80.2
112040,1pass,74.3,,74.3
112290,1pass,79.2,,79.2
112610,1pass,66.7,66.6,66.7
113810,1pass,83.5,,83.5
114090,1pass,85.6,,85.6
114190,1pass,85.5,,85.5
114450,1pass,79.3,,79.3
114630,2pass,68.0,69.7,69.7
114810,2pass,64.7,67.1,67.1
114840,1pass,66.1,65.8,66.1
115160,1pass,72.6,,72.6
115180,1pass,64.1,60.4,64.1
115310,1pass,65.5,58.9,65.5
115440,1pass,75.5,,75.5
115450,2pass,66.1,70.3,70.3
115480,1pass,74.7,,74.7
115500,2pass,36.5,56.8,56.8
115530,2pass,41.8,56.3,56.3
115570,1pass,98.0,,98.0
115610,1pass,86.0,,86.0
117580,1pass,98.8,,98.8
117670,2pass,69.1,73.4,73.4
117730,2pass,55.9,58.0,58.0
118000,1pass,77.9,,77.9
118990,2pass,58.4,67.6,67.6
119500,1pass,79.4,,79.4
119610,1pass,61.8,61.3,61.8
119650,1pass,75.1,,75.1
119830,2pass,69.3,77.2,77.2
119850,1pass,80.3,,80.3
120030,2pass,68.4,70.5,70.5
120110,1pass,90.8,,90.8
120240,1pass,74.6,,74.6
121440,1pass,84.3,,84.3
121600,2pass,66.2,90.3,90.3
121800,1pass,55.6,49.4,55.6
121850,1pass,72.0,,72.0
121890,1pass,82.2,,82.2
122310,1pass,91.7,,91.7
122350,1pass,77.7,,77.7
122450,1pass,41.8,40.5,41.8
122640,1pass,67.5,66.3,67.5
122690,1pass,77.7,,77.7
122870,1pass,67.0,61.8,67.0
122900,1pass,78.1,,78.1
122990,1pass,88.3,,88.3
123010,2pass,69.8,74.4,74.4
123040,1pass,82.5,,82.5
123330,1pass,87.5,,87.5
123410,2pass,64.4,68.2,68.2
123420,1pass,82.0,,82.0
123570,1pass,79.0,,79.0
123690,1pass,83.7,,83.7
123700,1pass,95.3,,95.3
123750,1pass,76.9,,76.9
123840,1pass,82.5,,82.5
123860,1pass,98.8,,98.8
123890,2pass,37.5,82.0,82.0
124500,2pass,56.5,59.7,59.7
124560,1pass,96.0,,96.0
125020,1pass,55.9,48.2,55.9
125210,1pass,81.3,,81.3
125490,1pass,81.3,,81.3
126340,1pass,49.5,35.1,49.5
126560,1pass,94.9,,94.9
126600,2pass,68.7,78.0,78.0
126640,1pass,91.0,,91.0
126700,1pass,79.2,,79.2
126720,1pass,90.5,,90.5
126730,1pass,69.6,64.0,69.6
126880,1pass,92.5,,92.5
127120,1pass,74.0,,74.0
127710,2pass,61.0,63.5,63.5
127980,2pass,63.5,65.6,65.6
128540,1pass,92.2,,92.2
128660,1pass,46.0,44.6,46.0
128820,1pass,84.2,,84.2
128940,1pass,71.0,,71.0
129260,1pass,71.1,,71.1
129890,1pass,89.3,,89.3
129920,1pass,72.0,,72.0
130500,1pass,69.3,66.9,69.3
130580,1pass,70.8,,70.8
130660,1pass,85.5,,85.5
130740,1pass,48.5,46.8,48.5
131030,1pass,85.2,,85.2
131090,1pass,86.5,,86.5
131100,2pass,63.4,66.0,66.0
131180,1pass,81.2,,81.2
131220,1pass,89.5,,89.5
131290,1pass,82.1,,82.1
131370,1pass,81.2,,81.2
131400,1pass,74.5,,74.5
131760,1pass,77.8,,77.8
131970,2pass,44.7,57.9,57.9
133750,1pass,79.3,,79.3
133820,1pass,69.6,64.4,69.6
134060,1pass,81.8,,81.8
134380,1pass,92.2,,92.2
134580,1pass,65.6,61.4,65.6
134790,1pass,86.2,,86.2
136150,2pass,46.9,56.5,56.5
136410,1pass,78.0,,78.0
136480,1pass,74.9,,74.9
136490,1pass,77.9,,77.9
136540,1pass,82.3,,82.3
137080,1pass,80.9,,80.9
137310,1pass,61.2,59.4,61.2
137400,1pass,88.3,,88.3
137940,1pass,57.3,55.7,57.3
137950,1pass,80.6,,80.6
138040,1pass,90.8,,90.8
138070,1pass,62.2,59.4,62.2
138080,1pass,86.3,,86.3
138360,2pass,58.2,75.4,75.4
138610,1pass,82.2,,82.2
138930,1pass,87.7,,87.7
139130,1pass,73.2,,73.2
139480,2pass,69.3,88.0,88.0
139670,1pass,86.5,,86.5
139990,1pass,53.7,47.0,53.7
140070,1pass,72.0,,72.0
140410,1pass,76.5,,76.5
140430,1pass,83.5,,83.5
140520,1pass,84.3,,84.3
140670,1pass,78.8,,78.8
140860,1pass,93.0,,93.0
140910,2pass,41.9,44.4,44.4
141000,2pass,66.0,74.1,74.1
141080,1pass,95.3,,95.3
142210,1pass,95.3,,95.3
142280,1pass,74.3,,74.3
142760,1pass,68.1,65.7,68.1
143160,1pass,72.7,,72.7
143210,1pass,87.5,,87.5
143240,1pass,85.0,,85.0
143540,1pass,91.3,,91.3
144510,1pass,71.8,,71.8
144960,2pass,65.5,67.4,67.4
145020,1pass,77.2,,77.2
145170,2pass,33.6,41.0,41.0
145210,1pass,86.0,,86.0
145270,1pass,81.1,,81.1
145720,1pass,79.6,,79.6
145990,1pass,90.3,,90.3
146060,1pass,96.0,,96.0
146320,1pass,98.8,,98.8
147760,1pass,86.6,,86.6
147830,1pass,72.8,,72.8
148150,1pass,87.5,,87.5
148250,1pass,78.8,,78.8
148780,2pass,69.8,85.0,85.0
148930,1pass,87.2,,87.2
149950,2pass,49.3,55.6,55.6
149980,1pass,81.2,,81.2
150900,1pass,84.3,,84.3
151860,1pass,88.2,,88.2
153460,1pass,70.5,,70.5
153490,1pass,86.8,,86.8
153710,1pass,71.4,,71.4
154030,1pass,96.0,,96.0
154040,1pass,37.7,29.8,37.7
155650,1pass,85.9,,85.9
155660,1pass,75.6,,75.6
156100,1pass,92.7,,92.7
158430,2pass,65.5,72.4,72.4
159010,1pass,75.8,,75.8
159580,1pass,81.2,,81.2
159910,1pass,87.5,,87.5
160190,1pass,89.5,,89.5
160550,1pass,91.3,,91.3
160980,1pass,90.3,,90.3
161000,1pass,81.0,,81.0
161390,1pass,80.3,,80.3
161580,1pass,76.0,,76.0
161890,1pass,82.2,,82.2
162300,1pass,73.0,,73.0
163280,1pass,83.7,,83.7
163560,1pass,85.8,,85.8
163730,1pass,94.4,,94.4
166090,1pass,62.4,61.2,62.4
166480,1pass,71.3,,71.3
168330,1pass,84.6,,84.6
168360,1pass,83.7,,83.7
170030,2pass,69.0,87.0,87.0
170790,1pass,48.1,35.8,48.1
170900,1pass,83.5,,83.5
170920,2pass,63.1,73.2,73.2
171010,2pass,68.4,69.5,69.5
171090,2pass,64.1,66.8,66.8
171120,1pass,88.3,,88.3
172670,1pass,80.5,,80.5
173130,2pass,66.1,72.4,72.4
173940,1pass,94.8,,94.8
174900,1pass,66.5,60.7,66.5
175140,1pass,48.8,43.2,48.8
175250,1pass,60.0,51.5,60.0
175330,1pass,91.7,,91.7
176750,1pass,96.8,,96.8
177350,2pass,52.2,78.0,78.0
177830,1pass,75.2,,75.2
177900,1pass,95.3,,95.3
178320,1pass,93.8,,93.8
178780,1pass,73.6,,73.6
178920,2pass,51.8,78.4,78.4
179290,1pass,78.9,,78.9
179530,1pass,80.1,,80.1
179900,1pass,82.6,,82.6
180400,1pass,65.7,64.1,65.7
180640,2pass,69.2,75.4,75.4
181710,2pass,58.4,83.4,83.4
182360,1pass,74.3,,74.3
182400,1pass,89.5,,89.5
183190,1pass,59.2,57.5,59.2
183300,1pass,92.5,,92.5
183490,1pass,76.2,,76.2
184230,1pass,84.3,,84.3
185490,2pass,37.6,45.0,45.0
185750,1pass,79.2,,79.2
186230,2pass,63.1,87.7,87.7
187220,1pass,85.8,,85.8
187270,1pass,98.0,,98.0
187420,1pass,86.4,,86.4
187660,1pass,71.1,,71.1
187790,1pass,74.5,,74.5
187870,2pass,59.7,74.2,74.2
188040,1pass,72.6,,72.6
188260,1pass,77.7,,77.7
189300,1pass,86.9,,86.9
189330,1pass,84.1,,84.1
189860,2pass,69.6,80.6,80.6
189980,1pass,75.8,,75.8
190510,1pass,59.4,45.5,59.4
191410,1pass,95.4,,95.4
191420,1pass,72.2,,72.2
192080,1pass,84.8,,84.8
192250,1pass,63.4,62.6,63.4
192390,1pass,93.0,,93.0
192400,1pass,70.2,,70.2
192410,1pass,76.4,,76.4
192440,1pass,92.6,,92.6
192650,2pass,27.6,42.5,42.5
192820,1pass,84.2,,84.2
193250,2pass,67.8,71.2,71.2
194370,1pass,92.2,,92.2
194480,1pass,87.2,,87.2
194700,1pass,78.9,,78.9
195500,1pass,77.2,,77.2
195870,1pass,87.6,,87.6
195940,1pass,79.9,,79.9
195990,1pass,82.7,,82.7
196170,2pass,65.2,85.5,85.5
196300,1pass,75.4,,75.4
196450,1pass,82.6,,82.6
196490,1pass,77.7,,77.7
196700,2pass,60.8,65.3,65.3
197140,1pass,77.2,,77.2
198080,2pass,68.8,75.2,75.2
198440,2pass,47.3,57.6,57.6
198940,1pass,89.3,,89.3
199430,1pass,77.5,,77.5
199480,1pass,61.9,51.9,61.9
199550,1pass,69.4,66.1,69.4
199730,2pass,58.9,68.5,68.5
199800,1pass,51.9,45.1,51.9
199820,1pass,53.9,49.2,53.9
200130,1pass,98.4,,98.4
200230,1pass,95.3,,95.3
200350,1pass,76.5,,76.5
200470,1pass,60.5,60.5,60.5
200670,2pass,66.7,86.9,86.9
200710,1pass,73.5,,73.5
200780,1pass,96.7,,96.7
200880,1pass,84.2,,84.2
201490,1pass,82.1,,82.1
203400,1pass,77.7,,77.7
203450,2pass,48.7,52.3,52.3
203650,1pass,92.2,,92.2
203690,1pass,93.0,,93.0
204020,1pass,78.0,,78.0
204210,1pass,85.6,,85.6
204270,1pass,70.5,,70.5
204320,1pass,91.5,,91.5
204610,1pass,83.9,,83.9
204620,1pass,83.0,,83.0
204840,1pass,68.2,55.8,68.2
205100,1pass,75.2,,75.2
205470,1pass,84.2,,84.2
205500,1pass,77.8,,77.8
206400,1pass,51.4,50.6,51.4
206560,1pass,65.9,50.0,65.9
206640,1pass,85.6,,85.6
206650,1pass,89.7,,89.7
207760,1pass,73.5,,73.5
207940,1pass,92.2,,92.2
208140,1pass,80.3,,80.3
208350,1pass,61.0,51.8,61.0
208370,2pass,39.1,47.9,47.9
208640,2pass,68.7,94.7,94.7
208710,1pass,85.0,,85.0
208860,2pass,66.0,66.1,66.1
209640,2pass,67.0,75.0,75.0
210120,1pass,64.8,60.7,64.8
210540,1pass,75.9,,75.9
210980,2pass,66.4,82.6,82.6
211050,1pass,74.7,,74.7
211270,1pass,74.1,,74.1
212560,2pass,55.4,64.4,64.4
212710,1pass,76.7,,76.7
213420,1pass,76.1,,76.1
213500,1pass,78.5,,78.5
214150,1pass,82.3,,82.3
214180,1pass,78.8,,78.8
214260,1pass,67.2,61.8,67.2
214270,1pass,76.3,,76.3
214320,1pass,86.0,,86.0
214330,1pass,76.4,,76.4
214370,2pass,69.3,79.2,79.2
214390,1pass,87.8,,87.8
214420,1pass,83.0,,83.0
214430,1pass,84.2,,84.2
214450,1pass,88.8,,88.8
214610,1pass,76.5,,76.5
214680,2pass,49.3,73.5,73.5
215000,1pass,80.0,,80.0
215090,1pass,71.4,,71.4
215100,1pass,70.2,,70.2
215200,2pass,47.5,54.0,54.0
215360,1pass,85.0,,85.0
215380,1pass,61.4,58.6,61.4
215480,1pass,88.0,,88.0
215600,1pass,81.9,,81.9
215790,1pass,76.8,,76.8
216050,1pass,76.8,,76.8
216080,1pass,72.7,,72.7
217190,1pass,96.0,,96.0
217270,1pass,76.4,,76.4
217330,1pass,70.4,,70.4
217480,2pass,44.7,46.8,46.8
217500,2pass,53.1,61.2,61.2
217590,1pass,39.1,36.0,39.1
217730,1pass,85.6,,85.6
217820,1pass,79.7,,79.7
218150,2pass,43.4,46.7,46.7
218410,1pass,67.9,67.9,67.9
219130,1pass,94.7,,94.7
219420,1pass,98.0,,98.0
219550,1pass,90.2,,90.2
219750,2pass,59.4,65.0,65.0
220100,1pass,73.6,,73.6
220180,1pass,98.0,,98.0
220260,1pass,93.0,,93.0
221800,1pass,76.2,,76.2
221840,2pass,61.5,82.5,82.5
221980,1pass,46.7,41.2,46.7
222040,1pass,68.2,66.3,68.2
222080,1pass,77.2,,77.2
222110,1pass,81.3,,81.3
222160,1pass,89.8,,89.8
222420,1pass,71.0,,71.0
222800,1pass,90.1,,90.1
222980,2pass,60.4,64.1,64.1
223250,1pass,62.4,61.3,62.4
223310,1pass,87.7,,87.7
224060,2pass,61.1,79.8,79.8
224110,1pass,85.0,,85.0
225190,1pass,75.7,,75.7
225220,1pass,82.2,,82.2
225430,1pass,68.0,65.3,68.0
225530,1pass,95.3,,95.3
225570,1pass,81.9,,81.9
225590,1pass,76.5,,76.5
226320,1pass,88.3,,88.3
226330,2pass,41.5,45.1,45.1
226340,1pass,80.5,,80.5
226400,1pass,83.9,,83.9
226590,1pass,92.9,,92.9
226950,2pass,39.4,80.6,80.6
227610,1pass,94.0,,94.0
227840,1pass,57.2,56.5,57.2
227950,1pass,71.8,,71.8
228340,1pass,80.2,,80.2
228670,2pass,62.2,67.6,67.6
228760,1pass,84.2,,84.2
228850,1pass,86.8,,86.8
229000,2pass,61.5,63.5,63.5
229640,1pass,63.8,60.9,63.8
230240,1pass,78.0,,78.0
230360,1pass,63.5,59.0,63.5
230980,1pass,80.6,,80.6
232140,1pass,75.2,,75.2
232680,1pass,84.8,,84.8
232830,2pass,59.3,80.4,80.4
234030,1pass,61.6,52.9,61.6
234080,1pass,92.9,,92.9
234100,1pass,74.1,,74.1
234300,1pass,95.3,,95.3
234340,2pass,69.3,70.1,70.1
234690,1pass,58.0,50.9,58.0
234920,1pass,84.0,,84.0
235980,1pass,88.3,,88.3
236200,1pass,68.5,65.0,68.5
236810,1pass,73.5,,73.5
237690,1pass,82.3,,82.3
237750,1pass,83.5,,83.5
237820,1pass,86.4,,86.4
237880,1pass,70.4,,70.4
238090,2pass,58.6,59.8,59.8
238120,1pass,87.6,,87.6
238200,1pass,94.7,,94.7
238490,1pass,98.4,,98.4
239340,1pass,88.8,,88.8
239610,1pass,52.8,30.2,52.8
239890,1pass,84.7,,84.7
240550,1pass,87.6,,87.6
240600,2pass,65.9,66.0,66.0
240810,1pass,86.2,,86.2
241520,1pass,78.8,,78.8
241560,1pass,87.7,,87.7
241590,1pass,85.5,,85.5
241690,2pass,55.9,57.5,57.5
241710,1pass,62.2,61.4,62.2
241770,2pass,61.0,67.5,67.5
241790,1pass,93.8,,93.8
241840,1pass,75.6,,75.6
242040,2pass,37.6,41.6,41.6
243070,1pass,89.7,,89.7
243840,1pass,74.8,,74.8
244460,1pass,84.3,,84.3
244920,1pass,79.4,,79.4
245620,1pass,73.9,,73.9
246250,1pass,39.7,36.2,39.7
246690,1pass,78.6,,78.6
246710,1pass,75.9,,75.9
246720,1pass,69.8,65.8,69.8
246960,1pass,81.5,,81.5
247540,1pass,85.1,,85.1
247660,2pass,69.6,71.6,71.6
248070,2pass,46.0,60.9,60.9
248170,1pass,84.4,,84.4
249420,2pass,55.2,55.6,55.6
250000,1pass,85.2,,85.2
250060,2pass,54.7,56.6,56.6
250930,1pass,72.6,,72.6
251120,2pass,63.4,66.8,66.8
251270,1pass,74.4,,74.4
251370,1pass,77.3,,77.3
251630,1pass,93.8,,93.8
251970,1pass,81.8,,81.8
252500,1pass,96.4,,96.4
252990,1pass,45.2,26.3,45.2
253450,1pass,80.2,,80.2
253590,1pass,66.9,61.0,66.9
253840,1pass,80.6,,80.6
254120,1pass,82.0,,82.0
254490,1pass,87.5,,87.5
255220,1pass,78.0,,78.0
255440,1pass,97.6,,97.6
256150,1pass,81.3,,81.3
256630,1pass,71.8,,71.8
256840,2pass,69.7,88.3,88.3
256940,1pass,69.0,57.6,69.0
257370,1pass,83.5,,83.5
257720,1pass,70.7,,70.7
258610,1pass,96.7,,96.7
258790,1pass,88.3,,88.3
258830,1pass,75.7,,75.7
259630,1pass,67.6,53.5,67.6
259960,1pass,89.8,,89.8
260660,2pass,67.6,96.8,96.8
260930,1pass,80.7,,80.7
260970,1pass,87.0,,87.0
261200,1pass,84.5,,84.5
261520,1pass,60.2,47.2,60.2
261780,1pass,78.5,,78.5
262260,1pass,86.0,,86.0
262840,1pass,43.4,31.4,43.4
263020,2pass,66.3,74.7,74.7
263050,1pass,84.5,,84.5
263600,1pass,79.7,,79.7
263690,1pass,61.0,60.0,61.0
263700,1pass,62.3,55.2,62.3
263720,1pass,42.7,41.8,42.7
263750,1pass,96.7,,96.7
263770,1pass,83.5,,83.5
263800,1pass,70.5,,70.5
263810,1pass,85.2,,85.2
263860,1pass,94.5,,94.5
263920,1pass,65.2,46.9,65.2
264450,1pass,81.0,,81.0
264660,1pass,74.6,,74.6
264850,1pass,34.0,29.6,34.0
264900,1pass,92.9,,92.9
265520,1pass,88.5,,88.5
265560,2pass,51.8,64.2,64.2
265740,1pass,83.5,,83.5
267250,1pass,81.0,,81.0
267260,1pass,92.5,,92.5
267270,1pass,85.7,,85.7
267290,1pass,88.3,,88.3
267320,1pass,68.3,61.6,68.3
267790,2pass,45.1,57.2,57.2
267850,1pass,79.7,,79.7
267980,1pass,60.1,56.5,60.1
268280,1pass,94.0,,94.0
269620,2pass,56.6,60.0,60.0
270520,2pass,62.7,63.5,63.5
270660,1pass,71.8,,71.8
270870,1pass,70.6,,70.6
271560,1pass,77.8,,77.8
271830,1pass,57.7,56.0,57.7
271940,1pass,77.8,,77.8
271980,1pass,70.2,,70.2
272110,1pass,58.0,51.5,58.0
272210,1pass,70.6,,70.6
272290,1pass,84.5,,84.5
272450,1pass,83.3,,83.3
272550,1pass,62.2,60.6,62.2
273060,1pass,71.0,,71.0
273640,1pass,88.3,,88.3
274090,1pass,65.4,59.0,65.4
274400,1pass,96.0,,96.0
276040,1pass,80.1,,80.1
276730,1pass,83.3,,83.3
277070,1pass,84.2,,84.2
277410,1pass,89.2,,89.2
277810,1pass,79.8,,79.8
277880,1pass,64.7,48.0,64.7
278280,1pass,78.3,,78.3
278470,1pass,81.9,,81.9
278650,1pass,64.7,60.3,64.7
279570,1pass,75.8,,75.8
279600,1pass,79.2,,79.2
280360,1pass,90.5,,90.5
281740,1pass,66.2,57.5,66.2
281820,1pass,94.7,,94.7
282330,2pass,63.8,71.9,71.9
282720,1pass,74.7,,74.7
282880,1pass,94.1,,94.1
284620,1pass,71.7,,71.7
284740,1pass,73.0,,73.0
285130,1pass,72.0,,72.0
285490,1pass,76.0,,76.0
285800,1pass,89.7,,89.7
286750,1pass,75.2,,75.2
286940,1pass,77.8,,77.8
287840,1pass,81.6,,81.6
288330,1pass,88.8,,88.8
288620,1pass,81.5,,81.5
288980,1pass,78.8,,78.8
289010,1pass,76.0,,76.0
289220,1pass,69.2,63.1,69.2
289930,1pass,83.5,,83.5
290090,1pass,74.2,,74.2
290120,1pass,70.0,,70.0
290270,1pass,78.5,,78.5
290520,1pass,87.9,,87.9
290550,1pass,81.2,,81.2
290560,2pass,62.6,69.9,69.9
290650,1pass,82.9,,82.9
290660,1pass,81.8,,81.8
290670,1pass,94.9,,94.9
290690,1pass,83.1,,83.1
290720,1pass,97.2,,97.2
290740,1pass,76.8,,76.8
291230,1pass,78.9,,78.9
291650,2pass,69.8,81.8,81.8
291810,1pass,91.0,,91.0
293480,1pass,65.4,60.5,65.4
293490,1pass,86.4,,86.4
293580,2pass,32.8,37.5,37.5
293780,1pass,78.4,,78.4
294090,2pass,48.4,63.4,63.4
294140,1pass,56.4,55.2,56.4
294570,1pass,78.4,,78.4
294630,1pass,74.5,,74.5
294870,1pass,77.4,,77.4
295310,1pass,77.2,,77.2
296640,1pass,75.5,,75.5
297090,1pass,96.0,,96.0
297570,1pass,46.7,33.9,46.7
297890,1pass,64.1,60.2,64.1
298000,1pass,64.3,44.4,64.3
298020,1pass,85.1,,85.1
298040,1pass,70.6,,70.6
298050,1pass,75.2,,75.2
298060,1pass,62.5,58.6,62.5
298380,1pass,84.7,,84.7
298540,1pass,81.8,,81.8
298690,1pass,88.5,,88.5
298830,1pass,70.1,,70.1
299030,1pass,82.5,,82.5
299170,1pass,85.4,,85.4
299660,1pass,83.6,,83.6
299900,1pass,78.5,,78.5
300080,1pass,93.4,,93.4
300120,1pass,78.7,,78.7
300720,1pass,63.4,52.3,63.4
301300,1pass,75.5,,75.5
302430,1pass,94.9,,94.9
302440,1pass,72.3,,72.3
302550,1pass,73.6,,73.6
303030,1pass,81.8,,81.8
303360,1pass,87.6,,87.6
303530,1pass,93.0,,93.0
303810,2pass,48.9,50.1,50.1
304100,1pass,74.5,,74.5
304360,1pass,77.6,,77.6
304840,1pass,71.8,,71.8
305090,1pass,92.2,,92.2
306040,1pass,87.6,,87.6
306200,1pass,44.7,40.0,44.7
306620,1pass,73.2,,73.2
307180,1pass,81.8,,81.8
307280,1pass,76.3,,76.3
307750,1pass,79.5,,79.5
307870,1pass,72.7,,72.7
307930,1pass,62.1,60.5,62.1
307950,1pass,83.0,,83.0
308080,1pass,84.2,,84.2
308100,2pass,53.0,54.7,54.7
308170,1pass,80.0,,80.0
308430,1pass,62.3,54.7,62.3
309710,1pass,79.7,,79.7
309930,2pass,41.0,42.3,42.3
309960,1pass,67.0,64.7,67.0
310200,1pass,90.6,,90.6
310210,1pass,85.0,,85.0
310870,1pass,81.8,,81.8
311320,1pass,79.7,,79.7
311390,1pass,73.2,,73.2
311690,1pass,58.6,57.5,58.6
312610,1pass,89.8,,89.8
313760,1pass,78.0,,78.0
314130,1pass,84.2,,84.2
314140,1pass,90.2,,90.2
314930,1pass,85.4,,85.4
315640,1pass,81.0,,81.0
316140,1pass,83.1,,83.1
317120,1pass,86.0,,86.0
317240,1pass,92.6,,92.6
317330,1pass,79.4,,79.4
317400,1pass,79.8,,79.8
317450,1pass,63.1,56.8,63.1
317530,1pass,93.4,,93.4
317690,1pass,82.8,,82.8
317770,1pass,71.4,,71.4
317830,1pass,88.2,,88.2
317850,1pass,80.2,,80.2
317870,1pass,96.7,,96.7
318000,1pass,83.2,,83.2
318010,1pass,89.5,,89.5
318020,1pass,86.3,,86.3
318060,2pass,52.4,69.3,69.3
318160,1pass,82.9,,82.9
318410,1pass,78.1,,78.1
319400,1pass,78.0,,78.0
319660,1pass,88.5,,88.5
320000,1pass,76.0,,76.0
321260,1pass,94.7,,94.7
321370,1pass,86.2,,86.2
321550,1pass,89.1,,89.1
321820,1pass,85.5,,85.5
322000,1pass,85.2,,85.2
322180,1pass,83.4,,83.4
322310,1pass,85.7,,85.7
322510,2pass,58.6,62.4,62.4
322780,1pass,82.5,,82.5
323280,1pass,42.5,36.1,42.5
323350,1pass,78.0,,78.0
323410,2pass,38.4,44.8,44.8
323990,1pass,83.4,,83.4
326030,1pass,89.7,,89.7
327260,1pass,79.2,,79.2
328130,1pass,67.1,56.1,67.1
328380,1pass,59.1,50.8,59.1
329180,1pass,78.4,,78.4
330350,1pass,90.8,,90.8
330590,1pass,95.3,,95.3
330730,1pass,95.3,,95.3
330860,1pass,78.7,,78.7
331380,1pass,56.8,56.8,56.8
331520,1pass,73.4,,73.4
331740,1pass,89.0,,89.0
331920,1pass,93.7,,93.7
332290,1pass,75.2,,75.2
332370,1pass,82.1,,82.1
332570,1pass,77.5,,77.5
333050,2pass,68.2,86.2,86.2
333430,1pass,79.0,,79.0
333620,1pass,66.0,61.8,66.0
335810,2pass,64.3,64.4,64.4
335870,1pass,76.3,,76.3
336060,1pass,84.2,,84.2
336260,1pass,93.4,,93.4
336370,1pass,92.2,,92.2
336570,1pass,85.5,,85.5
336680,1pass,74.2,,74.2
337930,1pass,84.2,,84.2
338100,1pass,70.4,,70.4
338220,1pass,83.1,,83.1
338840,1pass,56.0,55.5,56.0
339770,1pass,88.0,,88.0
339950,1pass,74.7,,74.7
340360,1pass,37.2,32.3,37.2
340440,1pass,77.7,,77.7
340450,1pass,85.9,,85.9
340570,1pass,67.2,63.7,67.2
340810,1pass,81.1,,81.1
340930,2pass,68.9,73.5,73.5
342870,2pass,62.5,67.0,67.0
344820,1pass,83.3,,83.3
344860,1pass,75.8,,75.8
347000,1pass,93.0,,93.0
347700,1pass,78.4,,78.4
347740,1pass,98.0,,98.0
347770,1pass,85.2,,85.2
347850,1pass,85.5,,85.5
347860,1pass,86.4,,86.4
347890,2pass,41.4,56.5,56.5
348030,1pass,87.9,,87.9
348080,1pass,39.8,39.4,39.8
348150,1pass,76.8,,76.8
348210,1pass,87.0,,87.0
348340,2pass,51.4,54.3,54.3
348350,2pass,60.0,64.2,64.2
348370,1pass,61.9,49.5,61.9
348950,2pass,62.1,64.8,64.8
350520,1pass,77.1,,77.1
351320,1pass,90.9,,90.9
351330,1pass,83.0,,83.0
351870,1pass,78.0,,78.0
352090,1pass,79.8,,79.8
352480,2pass,66.0,69.9,69.9
352700,1pass,73.1,,73.1
352770,2pass,65.4,88.9,88.9
352820,1pass,71.2,,71.2
352910,2pass,47.2,63.0,63.0
352940,1pass,83.8,,83.8
353190,1pass,80.5,,80.5
353200,1pass,83.1,,83.1
353590,1pass,74.1,,74.1
353810,1pass,60.9,56.6,60.9
354200,1pass,83.6,,83.6
354320,1pass,79.3,,79.3
355150,1pass,90.8,,90.8
355390,2pass,60.8,61.4,61.4
355690,1pass,75.9,,75.9
356680,1pass,86.0,,86.0
356860,1pass,84.7,,84.7
356890,2pass,60.6,70.5,70.5
357120,1pass,77.2,,77.2
357230,1pass,77.7,,77.7
357250,1pass,75.7,,75.7
357550,1pass,92.1,,92.1
357580,1pass,61.9,45.6,61.9
357780,1pass,86.3,,86.3
357880,1pass,45.1,40.4,45.1
358570,1pass,80.8,,80.8
359090,1pass,82.2,,82.2
360070,1pass,79.9,,79.9
360350,1pass,75.9,,75.9
361390,2pass,59.0,84.8,84.8
361570,1pass,73.2,,73.2
361610,1pass,59.3,54.3,59.3
361670,1pass,84.8,,84.8
362320,1pass,97.3,,97.3
362990,1pass,79.2,,79.2
363250,1pass,81.5,,81.5
363260,1pass,73.8,,73.8
363280,1pass,59.2,57.8,59.2
364950,1pass,69.0,68.0,69.0
365270,1pass,73.0,,73.0
365330,1pass,78.5,,78.5
365340,2pass,50.2,54.6,54.6
365550,1pass,56.2,38.6,56.2
365590,1pass,70.2,,70.2
365900,1pass,79.4,,79.4
366030,1pass,71.0,,71.0
367000,1pass,88.3,,88.3
368600,1pass,81.2,,81.2
368770,1pass,98.4,,98.4
368970,1pass,77.8,,77.8
369370,1pass,85.4,,85.4
370090,2pass,61.0,61.5,61.5
371950,1pass,85.8,,85.8
372170,1pass,73.0,,73.0
372320,1pass,81.2,,81.2
372800,1pass,72.6,,72.6
372910,2pass,43.1,44.2,44.2
373110,1pass,80.2,,80.2
373160,2pass,67.5,70.9,70.9
373170,1pass,69.3,67.0,69.3
373200,1pass,88.2,,88.2
373220,1pass,87.0,,87.0
375500,1pass,79.4,,79.4
376180,1pass,76.0,,76.0
376270,2pass,54.0,67.4,67.4
376290,1pass,82.8,,82.8
376300,1pass,74.6,,74.6
376900,1pass,69.8,65.1,69.8
376930,2pass,54.0,67.5,67.5
376980,2pass,69.2,70.5,70.5
377030,2pass,68.0,75.6,75.6
377220,1pass,84.9,,84.9
377300,1pass,98.0,,98.0
377330,1pass,66.0,53.5,66.0
377450,1pass,86.1,,86.1
377460,1pass,84.5,,84.5
377480,1pass,82.8,,82.8
377740,1pass,79.6,,79.6
378340,1pass,80.7,,80.7
378800,1pass,80.6,,80.6
378850,1pass,94.5,,94.5
380540,1pass,65.5,60.0,65.5
380550,1pass,87.5,,87.5
381620,2pass,62.5,87.5,87.5
381970,1pass,97.6,,97.6
382150,1pass,85.1,,85.1
382480,1pass,90.3,,90.3
382800,1pass,75.7,,75.7
382840,1pass,80.8,,80.8
382900,1pass,83.0,,83.0
383220,1pass,95.3,,95.3
383310,1pass,75.5,,75.5
383800,1pass,72.1,,72.1
383930,1pass,87.1,,87.1
384470,1pass,74.8,,74.8
387570,1pass,57.2,49.8,57.2
388050,1pass,71.2,,71.2
388210,1pass,79.3,,79.3
388610,1pass,83.1,,83.1
388720,1pass,66.4,58.9,66.4
388790,1pass,89.5,,89.5
388870,1pass,74.5,,74.5
389020,1pass,63.8,57.0,63.8
389030,2pass,58.9,61.2,61.2
389140,2pass,53.1,66.8,66.8
389260,1pass,71.8,,71.8
389470,2pass,51.9,71.1,71.1
389500,1pass,81.8,,81.8
389650,1pass,80.8,,80.8
389680,1pass,73.9,,73.9
391710,1pass,84.3,,84.3
393210,1pass,75.3,,75.3
393890,1pass,89.5,,89.5
393970,1pass,65.0,63.5,65.0
394280,1pass,77.2,,77.2
394420,1pass,81.8,,81.8
394800,1pass,89.2,,89.2
395400,1pass,85.6,,85.6
396270,1pass,81.6,,81.6
396300,1pass,76.4,,76.4
396470,1pass,81.0,,81.0
397030,1pass,85.5,,85.5
397810,2pass,53.7,80.6,80.6
398120,1pass,74.7,,74.7
399720,1pass,78.9,,78.9
400760,1pass,83.6,,83.6
402030,2pass,68.2,72.9,72.9
402340,2pass,58.8,64.5,64.5
402490,1pass,85.1,,85.1
403490,1pass,94.7,,94.7
403550,1pass,81.6,,81.6
403850,1pass,81.5,,81.5
403870,1pass,78.1,,78.1
404990,2pass,51.0,58.8,58.8
405000,1pass,54.4,48.2,54.4
405100,1pass,83.4,,83.4
405920,1pass,75.9,,75.9
406820,1pass,57.3,46.7,57.3
407400,1pass,85.5,,85.5
408470,1pass,85.9,,85.9
408900,1pass,55.7,55.4,55.7
408920,1pass,74.2,,74.2
411080,1pass,86.2,,86.2
412350,1pass,79.2,,79.2
412540,1pass,72.5,,72.5
413390,1pass,79.9,,79.9
413630,1pass,77.2,,77.2
413640,1pass,66.6,66.1,66.6
415380,1pass,96.0,,96.0
416180,1pass,93.0,,93.0
417010,1pass,61.6,52.2,61.6
417180,1pass,82.3,,82.3
417200,2pass,55.0,63.9,63.9
417310,1pass,98.0,,98.0
417500,1pass,74.0,,74.0
417790,1pass,85.8,,85.8
417840,1pass,80.1,,80.1
417860,1pass,74.8,,74.8
417970,1pass,85.6,,85.6
418250,1pass,43.8,36.8,43.8
418420,1pass,84.9,,84.9
418470,1pass,85.4,,85.4
418550,1pass,59.0,55.2,59.0
418620,1pass,66.8,59.3,66.8
419050,1pass,64.7,53.5,64.7
419080,2pass,65.2,71.1,71.1
419120,1pass,72.2,,72.2
419530,1pass,88.4,,88.4
419540,1pass,97.6,,97.6
420570,1pass,65.9,49.4,65.9
420770,2pass,54.7,65.1,65.1
424760,1pass,73.8,,73.8
424870,1pass,78.9,,78.9
424960,2pass,31.8,42.1,42.1
424980,1pass,77.6,,77.6
425040,1pass,98.0,,98.0
425420,1pass,86.3,,86.3
429270,1pass,79.8,,79.8
430690,2pass,56.4,63.9,63.9
431190,1pass,59.8,58.5,59.8
432320,1pass,74.5,,74.5
432430,2pass,69.2,72.0,72.0
432470,1pass,82.5,,82.5
432720,1pass,77.6,,77.6
432980,1pass,73.9,,73.9
434480,1pass,84.7,,84.7
435570,1pass,84.7,,84.7
437730,1pass,70.6,,70.6
438700,1pass,76.4,,76.4
439090,1pass,80.7,,80.7
439260,1pass,77.8,,77.8
439580,2pass,47.6,57.9,57.9
440110,1pass,95.3,,95.3
440290,1pass,73.8,,73.8
440320,1pass,80.4,,80.4
441270,1pass,78.8,,78.8
443060,1pass,53.5,51.4,53.5
443250,2pass,61.0,63.5,63.5
443670,1pass,73.8,,73.8
444530,1pass,89.2,,89.2
445090,1pass,79.2,,79.2
445180,1pass,64.7,57.5,64.7
445680,1pass,80.1,,80.1
446070,1pass,80.5,,80.5
446540,1pass,71.8,,71.8
446840,1pass,76.4,,76.4
448280,2pass,42.2,51.7,51.7
448710,1pass,60.6,55.1,60.6
448730,2pass,30.2,45.0,45.0
448900,1pass,91.8,,91.8
450080,2pass,58.9,60.6,60.6
450330,1pass,68.5,67.2,68.5
450520,2pass,47.6,50.0,50.0
450950,1pass,77.2,,77.2
451220,1pass,96.3,,96.3
451250,1pass,94.0,,94.0
451760,1pass,64.3,56.5,64.3
451800,1pass,94.7,,94.7
452160,1pass,90.2,,90.2
452190,1pass,70.5,,70.5
452200,1pass,86.9,,86.9
452260,1pass,80.8,,80.8
452280,2pass,51.0,56.0,56.0
452300,2pass,60.4,62.0,62.0
452400,1pass,64.7,61.9,64.7
452430,1pass,77.2,,77.2
452450,1pass,87.2,,87.2
453340,1pass,98.4,,98.4
453450,1pass,97.2,,97.2
453860,1pass,61.4,58.8,61.4
454910,2pass,65.7,66.5,66.5
455180,1pass,70.8,,70.8
455900,2pass,55.2,59.2,59.2
456010,1pass,58.1,51.5,58.1
456040,2pass,51.0,51.3,51.3
456070,1pass,61.4,55.8,61.4
456160,1pass,75.9,,75.9
457190,1pass,95.3,,95.3
457370,1pass,55.0,53.0,55.0
457550,1pass,85.5,,85.5
457600,2pass,68.8,69.4,69.4
458350,1pass,87.5,,87.5
458650,1pass,75.9,,75.9
458870,1pass,84.3,,84.3
459100,1pass,77.3,,77.3
459510,1pass,64.7,59.3,64.7
459550,2pass,60.1,67.3,67.3
460470,1pass,86.3,,86.3
460850,1pass,82.7,,82.7
460860,1pass,83.9,,83.9
460870,1pass,77.2,,77.2
460930,1pass,84.9,,84.9
460940,1pass,70.6,,70.6
461030,2pass,49.0,50.3,50.3
461300,1pass,89.2,,89.2
462310,1pass,71.4,,71.4
462350,1pass,78.0,,78.0
462510,1pass,81.0,,81.0
462520,1pass,82.2,,82.2
462860,2pass,49.8,50.7,50.7
462870,1pass,81.0,,81.0
462980,1pass,81.3,,81.3
463020,2pass,64.5,77.4,77.4
463480,1pass,78.1,,78.1
464080,1pass,70.2,,70.2
464280,1pass,83.1,,83.1
464490,1pass,88.9,,88.9
464500,1pass,79.8,,79.8
464580,1pass,87.0,,87.0
465480,1pass,91.4,,91.4
465770,2pass,68.5,68.6,68.6
466100,1pass,95.3,,95.3
466410,1pass,62.4,60.4,62.4
468530,1pass,71.0,,71.0
469610,1pass,70.2,,70.2
469750,2pass,55.9,58.7,58.7
471820,1pass,69.3,63.8,69.3
472850,1pass,83.4,,83.4
473980,1pass,88.3,,88.3
474170,2pass,38.8,42.6,42.6
474610,1pass,78.8,,78.8
474650,1pass,72.2,,72.2
475150,1pass,61.4,56.6,61.4
475230,1pass,95.3,,95.3
475400,2pass,44.7,51.0,51.0
475430,1pass,83.8,,83.8
475460,1pass,81.5,,81.5
475560,2pass,64.8,65.2,65.2
475580,1pass,96.0,,96.0
475660,1pass,81.8,,81.8
475830,1pass,73.7,,73.7
475960,1pass,96.4,,96.4
476040,1pass,85.7,,85.7
476060,2pass,35.6,44.0,44.0
476080,1pass,91.8,,91.8
476830,1pass,87.5,,87.5
478340,1pass,83.1,,83.1
478560,1pass,88.2,,88.2
479960,2pass,34.8,35.1,35.1
480370,2pass,59.3,73.4,73.4
481070,1pass,75.3,,75.3
482630,1pass,86.3,,86.3
483650,1pass,85.0,,85.0
484120,1pass,66.4,66.3,66.4
484590,1pass,92.2,,92.2
484810,1pass,79.6,,79.6
484870,1pass,82.5,,82.5
486990,1pass,95.3,,95.3
487570,1pass,56.8,53.4,56.8
488280,1pass,73.5,,73.5
488900,1pass,78.5,,78.5
489460,1pass,70.6,,70.6
489500,1pass,80.0,,80.0
489790,1pass,71.9,,71.9
490470,1pass,70.0,,70.0
491000,1pass,82.3,,82.3
493280,1pass,75.7,,75.7
493330,1pass,65.4,60.3,65.4
494120,1pass,85.4,,85.4
499790,2pass,30.6,40.2,40.2
900070,1pass,81.2,,81.2
900100,1pass,80.2,,80.2
900110,1pass,94.7,,94.7
900140,1pass,80.4,,80.4
900250,2pass,55.9,61.9,61.9
900260,2pass,63.4,63.8,63.8
900270,1pass,63.0,58.4,63.0
900300,1pass,90.5,,90.5
900310,1pass,82.2,,82.2
900340,2pass,43.0,55.0,55.0
950130,1pass,75.1,,75.1
950140,1pass,69.5,65.1,69.5
950160,1pass,78.5,,78.5
950190,2pass,54.3,80.5,80.5
950200,2pass,66.1,74.1,74.1
950220,1pass,88.0,,88.0
